np_name,np_name_adj,domain
THE STAR,the star,
"THE STAR, ANNISTON","the star, anniston",
THE NEWS -COURIER,the news -courier,
THE BIRMINGHAM NEWS/POST HERALD,the birmingham news/post herald,
THE BIRMINGHAM NEWS,the birmingham news,
BIRMINGHAM POST HERALD,birmingham post herald,
THE CULLMAN TIMES,the cullman times,
THE DECATUR DAILY,the decatur daily,
DOTHAN EAGLE,dothan eagle,
FLORENCE TIMES DAILY,florence times daily,
THE GADSDEN TIMES,the gadsden times,
THE HUNTSVILLE TIMES,the huntsville times,
JASPER DAILY MOUNTAIN EAGLE,jasper daily mountain eagle,
JASPER DAILY MOUTAIN EAGLE,jasper daily moutain eagle,
MOBILE REGISTER (MORNING & SUNDAY),mobile register (morning & sunday),
PRESS-REGISTER,press-register,al.com
PRESS-REGISTER (MORNING & SUNDAY),press-register (morning & sunday),al.com
PRESS-REGISTER - THE MISSISSIPPI PRESS,press-register - the mississippi press,
MONTGOMERY ADVERTISER,montgomery advertiser,
OPELIKA-AUBURN NEWS,opelika-auburn news,
THE TUSCALOOSA NEWS,the tuscaloosa news,
ALASKA DISPATCH NEWS - COMMUNITY XTRA!,alaska dispatch news - community xtra!,
ALASKA DISPATCH NEWS,alaska dispatch news,
ANCHORAGE DAILY NEWS,anchorage daily news,adn.com
FAIRBANKS DAILY NEWS-MINER,fairbanks daily news-miner,
ARIZONA DAILY SUN,arizona daily sun,
MOHAVE VALLEY DAILY NEWS,mohave valley daily news,
CASA GRANDE DISPATCH,casa grande dispatch,
EAST VALLEY TRIBUNE,east valley tribune,eastvalleytribune.com
THE ARIZONA REPUBLIC,the arizona republic,azcentral.com
THE ARIZONA REPUBLIC - YES!,the arizona republic - yes!,azcentral.com
THE DAILY COURIER,the daily courier,
DAILY NEWS-SUN,daily news-sun,
ARIZONA DAILY STAR,arizona daily star,tucson.com
ARIZONA DAILY STAR/TUCSON CITIZEN,arizona daily star/tucson citizen,tucson.com
TUCSON CITIZEN,tucson citizen,
THE SUN,the sun,
THE BENTON COURIER,the benton courier,
FT. SMITH SW TIMES RECORD,ft. smith sw times record,
HOT SPRINGS SENTINEL-RECORD,hot springs sentinel-record,
HARRISON DAILY TIMES,harrison daily times,
ARKANSAS DEMOCRAT GAZETTE,arkansas democrat gazette,arkansasonline.com
JONESBORO SUN,jonesboro sun,
EL DORADO NEWS-TIMES/SOUTH AR SUNDAY NEW,el dorado news-times/south ar sunday new,
THE BAXTER BULLETIN,the baxter bulletin,
PINE BLUFF COMMERCIAL,pine bluff commercial,
THE MORNING NEWS,the morning news,
TIMES,times,
WEST MEMPHIS EVENING TIMES,west memphis evening times,
AUBURN JOURNAL,auburn journal,
THE BAKERSFIELD CALIFORNIAN,the bakersfield californian,
DESERT DISPATCH,desert dispatch,
ENTERPRISE-RECORD,enterprise-record,
ENTERPRISE-RECORD - OROVILLE MERCURY REGISTER,enterprise-record - oroville mercury register,
THE DAILY TRIPLICATE,the daily triplicate,
THE TRIPLICATE,the triplicate,
THE DAVIS ENTERPRISE,the davis enterprise,
IMPERIAL VALLEY PRESS,imperial valley press,
NORTH COUNTY TIMES,north county times,
TIMES-STANDARD,times-standard,
FAIRFIELD DAILY REPUBLIC,fairfield daily republic,
FREMONT ARGUS,fremont argus,
THE FRESNO BEE,the fresno bee,fresnobee.com
THE FRESNO BEE - VIDA EN EL VALLE,the fresno bee - vida en el valle,
THE FRESNO BEE - YES! YOUR ESSENTIAL SHOPPER,the fresno bee - yes! your essential shopper,
GILROY DISPATCH,gilroy dispatch,
"GRASS VALLEY, THE UNION","grass valley, the union",
THE HANFORD SENTINEL,the hanford sentinel,
THE DAILY REVIEW,the daily review,
THE BEACON NEWS,the beacon news,
HOLLISTER FREE LANCE,hollister free lance,
COURIER NEWS,courier news,
ELGIN (IL) COURIER NEWS,elgin (il) courier news,
THE COURIER NEWS,the courier news,
SPRINGFIELD (IL) ST. JRNL REG,springfield (il) st. jrnl reg,
STATE JOURNAL-REGISTER,state journal-register,
THE HERALD NEWS,the herald news,
THE SAN DIEGO UNION TRIBUNE,the san diego union tribune,sandiegouniontribune.com
U-T SAN DIEGO,u-t san diego,
U-T SAN DIEGO - ENLACE,u-t san diego - enlace,
U-T SAN DIEGO - VIDA LATINA,u-t san diego - vida latina,
DAILY BREEZE,daily breeze,
DAILY BREEZE - BEACH REPORTER,daily breeze - beach reporter,
DAILY BREEZE - PALOS VERDES PENINSULA NEWS,daily breeze - palos verdes peninsula news,
LAKE COUNTY RECORD-BEE,lake county record-bee,
LODI NEWS-SENTINEL,lodi news-sentinel,
PLEASANTON TRI-VALLEY HERALD,pleasanton tri-valley herald,
LOMPOC RECORD,lompoc record,
PRESS-TELEGRAM,press-telegram,
"LA OPINION, LOS ANGELES","la opinion, los angeles",laopinion.com
"LA OPINION, LOS ANGELES - LA OPINION CONTIGO","la opinion, los angeles - la opinion contigo",laopinion.com
LOS ANGELES TIMES,los angeles times,latimes.com
LOS ANGELES TIMES - HOY,los angeles times - hoy,
MADERA TRIBUNE,madera tribune,
MANTECA BULLETIN,manteca bulletin,
YUBA-SUTTER APPEAL DEMOCRAT,yuba-sutter appeal democrat,
MERCED SUN STAR(MORNING) THE SUNDAY SUN,merced sun star(morning) the sunday sun,
MERCED SUN-STAR,merced sun-star,
MODESTO BEE,modesto bee,
THE MODESTO BEE,the modesto bee,
THE MODESTO BEE - VIDA EN EL VALLE,the modesto bee - vida en el valle,
MONTEREY COUNTY THE HERALD,monterey county the herald,
THE MONTEREY COUNTY HERALD,the monterey county herald,
NAPA VALLEY REGISTER,napa valley register,
THE OAKLAND TRIBUNE,the oakland tribune,
INLAND VALLEY DAILY BULLETIN,inland valley daily bulletin,
"DESERT SUN, PALM SPRINGS","desert sun, palm springs",
PASADENA STAR-NEWS,pasadena star-news,
STAR-NEWS,star-news,
MOUNTAIN DEMOCRAT,mountain democrat,
PORTERVILLE RECORDER,porterville recorder,
RED BLUFF DAILY NEWS,red bluff daily news,
REDDING RECORD SEARCHLIGHT,redding record searchlight,
REDLANDS DAILY FACTS,redlands daily facts,
THE PRESS-ENTERPRISE,the press-enterprise,pe.com
THE SACRAMENTO BEE,the sacramento bee,sacbee.com
"SALINAS, THE CALIFORNIAN","salinas, the californian",
THE SALINAS CALIFORNIAN,the salinas californian,
"SAN BERNARDINO, THE SUN","san bernardino, the sun",
SAN FRANCISCO EXAMINER,san francisco examiner,
SAN FRANCISCO CHRONICLE,san francisco chronicle,sfchronicle.com
SAN JOSE MERCURY NEWS,san jose mercury news,mercurynews.com
SAN JOSE MERCURY NEWS - THE SUNNYVALE SUN,san jose mercury news - the sunnyvale sun,
SAN JOSE MERCURY NEWS - ALAMEDA JOURNAL,san jose mercury news - alameda journal,
SAN JOSE MERCURY NEWS - THE MONTCLARION,san jose mercury news - the montclarion,
SAN JOSE MERCURY NEWS - THE BERKELEY VOICE,san jose mercury news - the berkeley voice,
SAN JOSE MERCURY NEWS - THE JOURNAL,san jose mercury news - the journal,
SAN JOSE MERCURY NEWS - THE CAMPBELL REPORTER,san jose mercury news - the campbell reporter,
SAN JOSE MERCURY NEWS - CUPERTINO COURIER,san jose mercury news - cupertino courier,
SAN JOSE MERCURY NEWS - LOS GATOS WEEKLY TIMES,san jose mercury news - los gatos weekly times,
SAN JOSE MERCURY NEWS - SARATOGA NEWS,san jose mercury news - saratoga news,
SAN JOSE MERCURY NEWS - ALMADEN RESIDENT,san jose mercury news - almaden resident,
SAN JOSE MERCURY NEWS - WILLOW GLEN RESIDENT,san jose mercury news - willow glen resident,
SAN JOSE MERCURY NEWS - ROSE GARDEN RESIDENT,san jose mercury news - rose garden resident,
SAN JOSE MERCURY NEWS - SAN MATEO COUNTY TIMES,san jose mercury news - san mateo county times,
SAN JOSE MERCURY NEWS - YES! YOUR ESSENTIAL SHOPPER (SUNDAY SELECT),san jose mercury news - yes! your essential shopper (sunday select),
SAN JOSE MERCURY NEWS - CONTRA COSTA TIMES,san jose mercury news - contra costa times,
SAN JOSE MERCURY NEWS - THE ARGUS,san jose mercury news - the argus,
SAN JOSE MERCURY NEWS - THE DAILY REVIEW,san jose mercury news - the daily review,
SAN JOSE MERCURY NEWS - THE OAKLAND TRIBUNE,san jose mercury news - the oakland tribune,
SAN JOSE MERCURY NEWS - SANTA CRUZ SENTINEL,san jose mercury news - santa cruz sentinel,
SAN JOSE MERCURY NEWS - TIMES-HERALD,san jose mercury news - times-herald,
SAN JOSE MERCURY NEWS - REPORTER,san jose mercury news - reporter,
SAN JOSE MERCURY NEWS - MARIN INDEPENDENT JOURNAL,san jose mercury news - marin independent journal,
THE TRIBUNE,the tribune,
SAN MATEO COUNTY TIMES,san mateo county times,
MARIN INDEPENDENT JOURNAL,marin independent journal,
TURLOCK JOURNAL,turlock journal,
ORANGE COUNTY REGISTER,orange county register,
REGISTER,register,
REGISTER - LIFEFOOD,register - lifefood,
REGISTER - BREA STAR-PROGRESS,register - brea star-progress,
REGISTER - IRVINE WORLD NEWS,register - irvine world news,
REGISTER - SADDLEBACK VALLEY NEWS (LAKE FOREST),register - saddleback valley news (lake forest),
REGISTER - SUNDAY PREFERRED,register - sunday preferred,
REGISTER - DANA POINT NEWS,register - dana point news,
REGISTER - NEWPORT - COSTA MESA CURRENT,register - newport - costa mesa current,
REGISTER - HUNTINGTON BEACH WAVE,register - huntington beach wave,
REGISTER - LAGUNA NEWS-POST,register - laguna news-post,
REGISTER - ALISO VIEJO NEWS,register - aliso viejo news,
REGISTER - CAPISTRANO VALLEY NEWS,register - capistrano valley news,
REGISTER - ORANGE CITY NEWS,register - orange city news,
REGISTER - LAGUNA NIGUEL NEWS,register - laguna niguel news,
REGISTER - CANYON LIFE,register - canyon life,
REGISTER - RANCHO SANTA MARGARITA NEWS,register - rancho santa margarita news,
REGISTER - SADDLEBACK VALLEY NEWS (MISSION VIEJO),register - saddleback valley news (mission viejo),
REGISTER - LADERA POST,register - ladera post,
REGISTER - TUSTIN NEWS,register - tustin news,
REGISTER - FOUNTAIN VALLEY VIEW,register - fountain valley view,
REGISTER - ANAHEIM BULLETIN,register - anaheim bulletin,
REGISTER - FULLERTON NEWS-TRIBUNE,register - fullerton news-tribune,
REGISTER - PLACENTIA NEWS-TIMES,register - placentia news-times,
REGISTER - YORBA LINDA STAR,register - yorba linda star,
THE ORANGE COUNTY REGISTER,the orange county register,ocregister.com
THE ORANGE COUNTY REGISTER - HUNTINGTON BEACH WAVE,the orange county register - huntington beach wave,
THE ORANGE COUNTY REGISTER - IRVINE WORLD NEWS,the orange county register - irvine world news,
THE ORANGE COUNTY REGISTER - SADDLEBACK VALLEY NEWS (LAKE FOREST),the orange county register - saddleback valley news (lake forest),
THE ORANGE COUNTY REGISTER - DANA POINT NEWS,the orange county register - dana point news,
THE ORANGE COUNTY REGISTER - NEWPORT COSTA MESA CURRENT,the orange county register - newport costa mesa current,
THE ORANGE COUNTY REGISTER - LAGUNA NEWS-POST,the orange county register - laguna news-post,
THE ORANGE COUNTY REGISTER - ALISO VIEJO NEWS,the orange county register - aliso viejo news,
THE ORANGE COUNTY REGISTER - SAN CLEMENTE SUN POST NEWS,the orange county register - san clemente sun post news,
THE ORANGE COUNTY REGISTER - CAPISTRANO VALLEY NEWS,the orange county register - capistrano valley news,
THE ORANGE COUNTY REGISTER - LAGUNA NIGUEL NEWS,the orange county register - laguna niguel news,
THE ORANGE COUNTY REGISTER - CANYON LIFE,the orange county register - canyon life,
THE ORANGE COUNTY REGISTER - RANCHO SANTA MARGARITA NEWS,the orange county register - rancho santa margarita news,
THE ORANGE COUNTY REGISTER - SADDLEBACK VALLEY NEWS (MISSION VIEJO),the orange county register - saddleback valley news (mission viejo),
THE ORANGE COUNTY REGISTER - LADERA POST,the orange county register - ladera post,
THE ORANGE COUNTY REGISTER - EXCELSIOR,the orange county register - excelsior,
THE ORANGE COUNTY REGISTER - TUSTIN NEWS,the orange county register - tustin news,
THE ORANGE COUNTY REGISTER - FOUNTAIN VALLEY VIEW,the orange county register - fountain valley view,
THE ORANGE COUNTY REGISTER - ANAHEIM BULLETIN,the orange county register - anaheim bulletin,
THE ORANGE COUNTY REGISTER - ANAHEIM HILLS NEWS,the orange county register - anaheim hills news,
THE ORANGE COUNTY REGISTER - BREA LA HABRA STAR-PROGRESS,the orange county register - brea la habra star-progress,
THE ORANGE COUNTY REGISTER - FULLERTON NEWS-TRIBUNE,the orange county register - fullerton news-tribune,
THE ORANGE COUNTY REGISTER - ORANGE CITY NEWS,the orange county register - orange city news,
THE ORANGE COUNTY REGISTER - PLACENTIA NEWS-TIMES,the orange county register - placentia news-times,
THE ORANGE COUNTY REGISTER - YORBA LINDA STAR,the orange county register - yorba linda star,
SANTA BARBARA NEWS PRESS,santa barbara news press,
SANTA CRUZ SENTINEL,santa cruz sentinel,
SANTA MARIA TIMES,santa maria times,
PRESS DEMOCRAT,press democrat,
SANTA ROSA PRESS DEMOCRAT,santa rosa press democrat,
"THE UNION DEMOCRAT, SONORA","the union democrat, sonora",
"STOCKTON, THE RECORD","stockton, the record",
THE RECORD,the record,northjersey.com
TRACY PRESS,tracy press,
TULARE ADVANCE-REGISTER,tulare advance-register,
REPORTER,reporter,
VACAVILLE REPORTER,vacaville reporter,
VALLEJO TIMES HERALD,vallejo times herald,
LOS ANGELES DAILY NEWS,los angeles daily news,dailynews.com
LOS ANGELES DAILY NEWS - IMPACTO USA,los angeles daily news - impacto usa,
LOS ANGELES DAILY NEWS - GAZETTE,los angeles daily news - gazette,
THE UKIAH DAILY JOURNAL,the ukiah daily journal,
VENTURA COUNTY STAR,ventura county star,
VICTORVILLE DAILY PRESS,victorville daily press,
VISALIA TIMES-DELTA,visalia times-delta,
CONTRA COSTA TIMES,contra costa times,eastbaytimes.com
"REGISTER-PAJARONIAN, WATSONVILLE","register-pajaronian, watsonville",
SAN GABRIEL VALLEY TRIBUNE,san gabriel valley tribune,
WHITTIER DAILY NEWS (MORNING & SUNDAY),whittier daily news (morning & sunday),
THE WOODLAND DAILY DEMOCRAT,the woodland daily democrat,
"BOULDER, THE DAILY CAMERA","boulder, the daily camera",
CANON CITY DAILY RECORD,canon city daily record,
THE GAZETTE,the gazette,
DENVER POST / ROCKY MOUNTAIN NEWS,denver post / rocky mountain news,denverpost.com
THE DENVER POST / ROCKY MOUNTAIN NEWS,the denver post / rocky mountain news,denverpost.com
THE DENVER POST/THE SUNDAY DENVER POST,the denver post/the sunday denver post,denverpost.com
THE DENVER POST/THE SUNDAY DENVER POST - VIVA COLORADO,the denver post/the sunday denver post - viva colorado,denverpost.com
DENVER POST,denver post,denverpost.com
ROCKY MOUNTAIN NEWS,rocky mountain news,
DURANGO HERALD,durango herald,
FORT COLLINS COLORADOAN,fort collins coloradoan,
THE FORT MORGAN TIMES,the fort morgan times,
GRAND JUNCTION DAILY SENTINEL,grand junction daily sentinel,
GREELEY TRIBUNE,greeley tribune,
THE GREELEY DAILY TRIBUNE,the greeley daily tribune,
THE GREELEY TRIBUNE,the greeley tribune,
THE LAMAR DAILY NEWS,the lamar daily news,
DAILY TIMES-CALL,daily times-call,
LONGMONT DAILY TIMES-CALL,longmont daily times-call,
DAILY REPORTER - HERALD,daily reporter - herald,
REPORTER-HERALD,reporter-herald,
PUEBLO CHIEFTAIN,pueblo chieftain,
"PUEBLO CHIEFTAIN,SUN CHIEFTAIN & STAR JR","pueblo chieftain,sun chieftain & star jr",
PUEBLO CHIEFTAIN/CHIEFTAIN STAR-JRNL AND,pueblo chieftain/chieftain star-jrnl and,
THE PUEBLO CHIEFTAIN THE SUNDAY CHIEFTAIN,the pueblo chieftain the sunday chieftain,
THE PUEBLO CHIEFTAIN THE SUNDAY CHIEFTO,the pueblo chieftain the sunday chiefto,
STERLING JOURNAL-ADVOCATE,sterling journal-advocate,
CONNECTICUT POST,connecticut post,
CONNECTICUT POST - WESTPORT NEWS,connecticut post - westport news,
BRISTOL PRESS,bristol press,
THE NEWS-TIMES,the news-times,
GREENWICH TIME,greenwich time,
"GREENWICH TIME, SUNDAY GREENWICH TIM","greenwich time, sunday greenwich tim",
"GREENWICH TIME, SUNDAY GREENWICH TIME","greenwich time, sunday greenwich time",
HARTFORD COURANT,hartford courant,courant.com
THE HARTFORD COURANT,the hartford courant,
MERIDEN RECORD-JOURNAL,meriden record-journal,
THE MIDDLETOWN PRESS,the middletown press,
"THE HERALD, THE HERALD PRESS","the herald, the herald press",
NEW HAVEN REGISTER,new haven register,
NEW HAVEN REGISTER - SHORELINE NEWS,new haven register - shoreline news,
NEW HAVEN REGISTER - MIDDLETOWN PRESS,new haven register - middletown press,
NEW HAVEN REGISTER - MILFORD ORANGE BULLETIN,new haven register - milford orange bulletin,
NEW HAVEN REGISTER - SHORELINE TIMES,new haven register - shoreline times,
NEW LONDON DAY,new london day,
THE HOUR / THE SUNDAY HOUR,the hour / the sunday hour,
NORWICH BULLETIN SUNDAY BULLETIN,norwich bulletin sunday bulletin,
THE BULLETIN,the bulletin,
JOURNAL INQUIRER,journal inquirer,
"THE ADVOCATE, THE SUNDAY ADVOCATE","the advocate, the sunday advocate",
REGISTER CITIZEN,register citizen,
TORRINGTON REGISTER CITIZEN,torrington register citizen,
REPUBLICIAN-AMERICAN,republician-american,
REPUBLICIAN-AMERICAN THE SUNDAY REPUBLI,republician-american the sunday republi,
CHRONICLE,chronicle,
WILLIMANTIC CHRONICLE,willimantic chronicle,
THE NEWS JOURNAL,the news journal,delawareonline.com
THE NEWS JOURNAL MEDIA GROUP,the news journal media group,
THE NEWS JOURNAL MEDIA GROUP - YES! YOUR ESSENTIAL SHOPPER,the news journal media group - yes! your essential shopper,
WILMINGTON NEWS JOURNAL,wilmington news journal,
THE WASHINGTON POST,the washington post,washingtonpost.com
THE WASHINGTON POST - SAVINGS NOW!,the washington post - savings now!,
THE WASHINGTON TIMES SUNDAY TIMES,the washington times sunday times,washingtontimes.com
"THE WASHINGTON TIMES, SUNDAY TIMES","the washington times, sunday times",washingtontimes.com
BRADENTON HERALD,bradenton herald,
FLORIDA TODAY,florida today,
DAYTONA BEACH NEWS-JOURNAL,daytona beach news-journal,news-journalonline.com
THE DAYTONA BEACH NEWS-JOURNAL,the daytona beach news-journal,
SOUTH FLORIDA SUN SENTINEL,south florida sun sentinel,sun-sentinel.com
SOUTH FLORIDA SUN SENTINEL - EL SENTINEL,south florida sun sentinel - el sentinel,sun-sentinel.com
SOUTH FLORIDA SUN-SENTINEL,south florida sun-sentinel,sun-sentinel.com
THE NEWS-PRESS,the news-press,
NORTHWEST FLORIDA DAILY NEWS,northwest florida daily news,
GAINESVILLE SUN,gainesville sun,
CITRUS COUNTY CHRONICLE,citrus county chronicle,
THE FLORIDA TIMES-UNION,the florida times-union,jacksonville.com
THE CITIZEN,the citizen,
LAKE CITY REPORTER,lake city reporter,
LAKELAND LEDGER,lakeland ledger,
THE DAILY COMMERCIAL,the daily commercial,
JACKSON COUNTY FLORIDAN,jackson county floridan,
MIAMI HERALD / EL NUEVO HERALD,miami herald / el nuevo herald,
THE MIAMI HERALD/EL NUEVO HERALD,the miami herald/el nuevo herald,
THE MIAMI HERALD,the miami herald,miamiherald.com
EL NUEVO HERALD,el nuevo herald,
NAPLES DAILY NEWS,naples daily news,
OCALA STAR BANNER,ocala star banner,
ORLANDO SENTINEL,orlando sentinel,orlandosentinel.com
PALATKA DAILY NEWS,palatka daily news,
THE NEWS HERALD,the news herald,
PENSACOLA NEWS JOURNAL,pensacola news journal,
CHARLOTTE SUN,charlotte sun,
SUN,sun,
ST. AUGUSTINE RECORD,st. augustine record,
ST. PETERSBURG TIMES,st. petersburg times,
TAMPA BAY TIMES,tampa bay times,tampabay.com
TAMPA BAY TIMES - TBT*,tampa bay times - tbt*,
SARASOTA HERALD TRIBUNE,sarasota herald tribune,heraldtribune.com
TALLAHASSEE DEMOCRAT,tallahassee democrat,
THE TAMPA TRIBUNE,the tampa tribune,
THE TAMPA TRIBUNE - CENTRO TAMPA,the tampa tribune - centro tampa,
THE TAMPA TRIBUNE AND TAMPA TIMES - BRANDON NEWS & TRIBUNE,the tampa tribune and tampa times - brandon news & tribune,
THE TAMPA TRIBUNE AND TAMPA TIMES,the tampa tribune and tampa times,
THE TAMPA TRIBUNE AND TAMPA TIMES - GO! PASCO,the tampa tribune and tampa times - go! pasco,
THE TAMPA TRIBUNE AND TAMPA TIMES - THE SUN,the tampa tribune and tampa times - the sun,
THE TAMPA TRIBUNE AND TAMPA TIMES - CENTRO TAMPA,the tampa tribune and tampa times - centro tampa,
THE TAMPA TRIBUNE AND TAMPA TIMES - SOUTH TAMPA NEWS & TRIBUNE,the tampa tribune and tampa times - south tampa news & tribune,
THE TAMPA TRIBUNE AND TAMPA TIMES - NORTHEAST NEWS & TRIBUNE,the tampa tribune and tampa times - northeast news & tribune,
THE TAMPA TRIBUNE AND TAMPA TIMES - THE SUNCOAST NEWS,the tampa tribune and tampa times - the suncoast news,
THE TAMPA TRIBUNE AND TAMPA TIMES - TRINITY WEEKLY,the tampa tribune and tampa times - trinity weekly,
THE TAMPA TRIBUNE AND TAMPA TIMES - THE BRANDON NEWS,the tampa tribune and tampa times - the brandon news,
THE TAMPA TRIBUNE AND TAMPA TIMES - THE CARROLLWOOD NEWS,the tampa tribune and tampa times - the carrollwood news,
THE TAMPA TRIBUNE AND TAMPA TIMES - THE NORTHEAST NEWS,the tampa tribune and tampa times - the northeast news,
THE TAMPA TRIBUNE AND TAMPA TIMES - PLANT CITY COURIER,the tampa tribune and tampa times - plant city courier,
THE TAMPA TRIBUNE AND TAMPA TIMES - THE SOUTH SHORE NEWS,the tampa tribune and tampa times - the south shore news,
THE TAMPA TRIBUNE AND TAMPA TIMES - THE SOUTH TAMPA NEWS,the tampa tribune and tampa times - the south tampa news,
THE TAMPA TRIBUNE AND TAMPA TIMES - THE NORTHWEST NEWS,the tampa tribune and tampa times - the northwest news,
THE TAMPA TRIBUNE AND TAMPA TIMES - CLEARWATER GAZETTE,the tampa tribune and tampa times - clearwater gazette,
THE TAMPA TRIBUNE AND TAMPA TIMES - OUT & ABOUT,the tampa tribune and tampa times - out & about,
THE TREASURE COAST NEWS/PRESS-TRIBUNE,the treasure coast news/press-tribune,
THE TREASURE COAST NEWS/PRESS-TRIBUNE - ST. LUCIE NEWS TRIBUNE,the treasure coast news/press-tribune - st. lucie news tribune,
THE TREASURE COAST NEWS/PRESS-TRIBUNE - THE STUART NEWS,the treasure coast news/press-tribune - the stuart news,
THE TREASURE COAST NEWS/PRESS-TRIBUNE - THE INDIAN RIVER PRESS JOURNAL,the treasure coast news/press-tribune - the indian river press journal,
THE VILLAGES DAILY SUN,the villages daily sun,
THE PALM BEACH POST,the palm beach post,palmbeachpost.com
THE NEWS CHIEF,the news chief,
ALBANY HERALD,albany herald,
ATHENS BANNER-HERALD,athens banner-herald,
THE ATLANTA JOURNAL-CONSTITUTION,the atlanta journal-constitution,ajc.com
THE ATLANTA JOURNAL-CONSTITUTION - BUYERS EDGE SELECT,the atlanta journal-constitution - buyers edge select,ajc.com
THE ATLANTA JOURNAL-CONSTITUTION - EVENING EDGE,the atlanta journal-constitution - evening edge,ajc.com
THE ATLANTA JOURNAL-CONSTITUTION.,the atlanta journal-constitution.,ajc.com
THE ATLANTA CONSTITUTION,the atlanta constitution,
THE AUGUSTA CHRONICLE,the augusta chronicle,
TIMES-GEORGIAN,times-georgian,
LEDGER-ENQUIRER,ledger-enquirer,
CHEROKEE TRIBUNE,cherokee tribune,
THE DAILY TRIBUNE NEWS,the daily tribune news,
DUBLIN COURIER HERALD,dublin courier herald,
THE DAILY CITIZEN,the daily citizen,
THE DAILY CITIZEN NEWS,the daily citizen news,
DOUGLAS COUNTY SENTINEL,douglas county sentinel,
GAINESVILLE TIMES,gainesville times,
THE TIMES,the times,
GRIFFIN DAILY NEWS,griffin daily news,
THE MACON TELEGRAPH,the macon telegraph,
THE TELEGRAPH,the telegraph,
MARIETTA DAILY JOURNAL,marietta daily journal,
ROME NEWS-TRIBUNE,rome news-tribune,
SAVANNAH MORNING NEWS,savannah morning news,
THOMASVILLE TIMES-ENTERPRISE,thomasville times-enterprise,
VALDOSTA DAILY TIMES,valdosta daily times,
THE DAILY SUN (EVENING & SUNDAY),the daily sun (evening & sunday),
HAWAII TRIBUNE HERALD,hawaii tribune herald,
HONOLULU STAR-ADVERTISER,honolulu star-advertiser,staradvertiser.com
THE HONOLULU ADVERTISER (MORNING & SUND),the honolulu advertiser (morning & sund),staradvertiser.com
HONOLULU STAR-ADVERTISER - MIDWEEK,honolulu star-advertiser - midweek,staradvertiser.com
HONOLULU STAR-ADVERTISER - USAT - HAWAII EDITION,honolulu star-advertiser - usat - hawaii edition,staradvertiser.com
WEST HAWAII TODAY,west hawaii today,
THE LIHUE GARDEN ISLAND,the lihue garden island,
THE MAUI NEWS,the maui news,
IDAHO STATESMAN,idaho statesman,idahostatesman.com
THE IDAHO STATESMAN,the idaho statesman,idahostatesman.com
IDAHO FALLS POST REGISTER,idaho falls post register,
IDAHO PRESS-TRIBUNE,idaho press-tribune,
THE IDAHO STATE JOURNAL,the idaho state journal,
TWIN FALLS TIMES - NEWS,twin falls times - news,
DAILY HERALD,daily herald,dailyherald.com
BELLEVILLE NEWS-DEMOCRAT,belleville news-democrat,
BLOOMINGTON PANTAGRAPH,bloomington pantagraph,
BLOOMINGTON PANTAGRAPH - GIBSON CITY COURIER,bloomington pantagraph - gibson city courier,
BLOOMINGTON PANTAGRAPH - CENTRAL ILLINOIS ADVERTISER,bloomington pantagraph - central illinois advertiser,
BLOOMINGTON PANTAGRAPH - WOODFORD COUNTY JOURNAL-EUREKA,bloomington pantagraph - woodford county journal-eureka,
BLOOMINGTON PANTAGRAPH - WOODFORD COUNTY JOURNAL - EUREKA,bloomington pantagraph - woodford county journal - eureka,
BLOOMINGTON PANTAGRAPH - WOODFORD COUNTY JOURNAL - ROANOKE,bloomington pantagraph - woodford county journal - roanoke,
CHAMPAIGN NEWS GAZETTE,champaign news gazette,
CHAMPAIGN NEWS GAZETTE - PAXTON RECORD,champaign news gazette - paxton record,
CHAMPAIGN NEWS GAZETTE - LEROY FARMER CITY PRESS,champaign news gazette - leroy farmer city press,
CHAMPAIGN NEWS GAZETTE - PIATT COUNTY JOURNAL REPUBLICAN,champaign news gazette - piatt county journal republican,
CHARLESTON TIMES-COURIER,charleston times-courier,
"TIMES-NEWS, BURLINGTON","times-news, burlington",
CHICAGO DEFENDER,chicago defender,
HIGH POINT ENTERPRISE,high point enterprise,
LAGRANDE OBSERVER,lagrande observer,
CHICAGO SUN-TIMES SUNDAY SUN-TIMES,chicago sun-times sunday sun-times,
CHICAGO SUN-TIMES SUNDAY SUN-TIMES - BARRINGTON COURIER-REVIEW,chicago sun-times sunday sun-times - barrington courier-review,
CHICAGO SUN-TIMES SUNDAY SUN-TIMES - DEERFIELD REVIEW,chicago sun-times sunday sun-times - deerfield review,
CHICAGO SUN-TIMES SUNDAY SUN-TIMES - GLENCOE NEWS,chicago sun-times sunday sun-times - glencoe news,
CHICAGO SUN-TIMES SUNDAY SUN-TIMES - GLENVIEW ANNOUNCEMENTS,chicago sun-times sunday sun-times - glenview announcements,
CHICAGO SUN-TIMES SUNDAY SUN-TIMES - HIGHLAND PARK NEWS,chicago sun-times sunday sun-times - highland park news,
CHICAGO SUN-TIMES SUNDAY SUN-TIMES - WILMETTE LIFE,chicago sun-times sunday sun-times - wilmette life,
CHICAGO SUN-TIMES SUNDAY SUN-TIMES - LAKE FORESTER,chicago sun-times sunday sun-times - lake forester,
CHICAGO SUN-TIMES SUNDAY SUN-TIMES - LAKE ZURICH COURIER,chicago sun-times sunday sun-times - lake zurich courier,
CHICAGO SUN-TIMES SUNDAY SUN-TIMES - LIBERTYVILLE REVIEW,chicago sun-times sunday sun-times - libertyville review,
CHICAGO SUN-TIMES SUNDAY SUN-TIMES - MORTON GROVE CHAMPION,chicago sun-times sunday sun-times - morton grove champion,
CHICAGO SUN-TIMES SUNDAY SUN-TIMES - MUNDELEIN REVIEW,chicago sun-times sunday sun-times - mundelein review,
CHICAGO SUN-TIMES SUNDAY SUN-TIMES - VERNON HILLS REVIEW,chicago sun-times sunday sun-times - vernon hills review,
CHICAGO SUN-TIMES SUNDAY SUN-TIMES - NORTHBROOK STAR,chicago sun-times sunday sun-times - northbrook star,
CHICAGO SUN-TIMES SUNDAY SUN-TIMES - PARK RIDGE HERALD-ADVOCATE,chicago sun-times sunday sun-times - park ridge herald-advocate,
CHICAGO SUN-TIMES SUNDAY SUN-TIMES - LINCOLNSHIRE REVIEW,chicago sun-times sunday sun-times - lincolnshire review,
CHICAGO SUN-TIMES SUNDAY SUN-TIMES - SKOKIE REVIEW,chicago sun-times sunday sun-times - skokie review,
CHICAGO SUN-TIMES SUNDAY SUN-TIMES - BUFFALO GROVE COUNTRYSIDE,chicago sun-times sunday sun-times - buffalo grove countryside,
CHICAGO SUN-TIMES SUNDAY SUN-TIMES - WINNETKA TALK,chicago sun-times sunday sun-times - winnetka talk,
CHICAGO SUN-TIMES SUNDAY SUN-TIMES - FRANKLIN PARK HERALD-JOURNAL,chicago sun-times sunday sun-times - franklin park herald-journal,
CHICAGO SUN-TIMES SUNDAY SUN-TIMES - ELM LEAVES,chicago sun-times sunday sun-times - elm leaves,
CHICAGO SUN-TIMES SUNDAY SUN-TIMES - EVANSTON REVIEW,chicago sun-times sunday sun-times - evanston review,
CHICAGO SUN-TIMES SUNDAY SUN-TIMES - OAK LEAVES,chicago sun-times sunday sun-times - oak leaves,
CHICAGO SUN-TIMES SUNDAY SUN-TIMES - FOREST LEAVES,chicago sun-times sunday sun-times - forest leaves,
CHICAGO SUN-TIMES SUNDAY SUN-TIMES - THE DOINGS - CLARENDON HILLS,chicago sun-times sunday sun-times - the doings - clarendon hills,
CHICAGO SUN-TIMES SUNDAY SUN-TIMES - THE DOINGS - HINSDALE,chicago sun-times sunday sun-times - the doings - hinsdale,
CHICAGO SUN-TIMES SUNDAY SUN-TIMES - THE DOINGS - OAK BROOK,chicago sun-times sunday sun-times - the doings - oak brook,
CHICAGO SUN-TIMES SUNDAY SUN-TIMES - THE DOINGS - LAGRANGE,chicago sun-times sunday sun-times - the doings - lagrange,
CHICAGO SUN-TIMES SUNDAY SUN-TIMES - THE DOINGS-WEEKLY,chicago sun-times sunday sun-times - the doings-weekly,
CHICAGO SUN-TIMES SUNDAY SUN-TIMES - THE DOINGS-WESTERN SPRINGS,chicago sun-times sunday sun-times - the doings-western springs,
CHICAGO SUN-TIMES SUNDAY SUN-TIMES - NORRIDGE AND HARWOOD HEIGHTS NEWS,chicago sun-times sunday sun-times - norridge and harwood heights news,
CHICAGO SUN-TIMES SUNDAY SUN-TIMES - LINCOLNWOOD REVIEW,chicago sun-times sunday sun-times - lincolnwood review,
CHICAGO SUN-TIMES.COM,chicago sun-times.com,
CHICAGO SUN-TIMES.COM - POST-TRIBUNE,chicago sun-times.com - post-tribune,
CHICAGO SUN-TIMES.COM - CROWN POINT PREVIEW,chicago sun-times.com - crown point preview,
CHICAGO SUN-TIMES.COM - MERRILLVILLE PREVIEW,chicago sun-times.com - merrillville preview,
CHICAGO SUN-TIMES.COM - ANTIOCH PREVIEW,chicago sun-times.com - antioch preview,
CHICAGO SUN-TIMES.COM - BARRINGTON COURIER-REVIEW,chicago sun-times.com - barrington courier-review,
CHICAGO SUN-TIMES.COM - DEERFIELD REVIEW,chicago sun-times.com - deerfield review,
CHICAGO SUN-TIMES.COM - GLENCOE NEWS,chicago sun-times.com - glencoe news,
CHICAGO SUN-TIMES.COM - GLENVIEW ANNOUNCEMENTS,chicago sun-times.com - glenview announcements,
CHICAGO SUN-TIMES.COM - LAKE COUNTY NEWS-SUN,chicago sun-times.com - lake county news-sun,
CHICAGO SUN-TIMES.COM - HIGHLAND PARK HIGHWOOD PREVIEW,chicago sun-times.com - highland park highwood preview,
CHICAGO SUN-TIMES.COM - WILMETTE LIFE,chicago sun-times.com - wilmette life,
CHICAGO SUN-TIMES.COM - LAKE FOREST LAKE BLUFF PREVIEW,chicago sun-times.com - lake forest lake bluff preview,
CHICAGO SUN-TIMES.COM - LAKE VILLA AND LINDENHURST PREVIEW,chicago sun-times.com - lake villa and lindenhurst preview,
CHICAGO SUN-TIMES.COM - LAKE ZURICH COURIER,chicago sun-times.com - lake zurich courier,
CHICAGO SUN-TIMES.COM - LIBERTYVILLE REVIEW,chicago sun-times.com - libertyville review,
CHICAGO SUN-TIMES.COM - MORTON GROVE CHAMPION,chicago sun-times.com - morton grove champion,
CHICAGO SUN-TIMES.COM - MUNDELEIN REVIEW,chicago sun-times.com - mundelein review,
CHICAGO SUN-TIMES.COM - VERNON HILLS REVIEW,chicago sun-times.com - vernon hills review,
CHICAGO SUN-TIMES.COM - NORTHBROOK PREVIEW,chicago sun-times.com - northbrook preview,
CHICAGO SUN-TIMES.COM - PARK RIDGE HERALD-ADVOCATE,chicago sun-times.com - park ridge herald-advocate,
CHICAGO SUN-TIMES.COM - LINCOLNSHIRE REVIEW,chicago sun-times.com - lincolnshire review,
CHICAGO SUN-TIMES.COM - SKOKIE REVIEW,chicago sun-times.com - skokie review,
CHICAGO SUN-TIMES.COM - BUFFALO GROVE COUNTRYSIDE,chicago sun-times.com - buffalo grove countryside,
CHICAGO SUN-TIMES.COM - WINNETKA TALK,chicago sun-times.com - winnetka talk,
CHICAGO SUN-TIMES.COM - THE COURIER-NEWS,chicago sun-times.com - the courier-news,
CHICAGO SUN-TIMES.COM - THE BEACON-NEWS,chicago sun-times.com - the beacon-news,
CHICAGO SUN-TIMES.COM - FRANKLIN PARK HERALD-JOURNAL,chicago sun-times.com - franklin park herald-journal,
CHICAGO SUN-TIMES.COM - ELMWOOD PARK ELM LEAVES,chicago sun-times.com - elmwood park elm leaves,
CHICAGO SUN-TIMES.COM - EVANSTON REVIEW,chicago sun-times.com - evanston review,
CHICAGO SUN-TIMES.COM - CHICAGO READER,chicago sun-times.com - chicago reader,
CHICAGO SUN-TIMES.COM - OAK PARK OAK LEAVES,chicago sun-times.com - oak park oak leaves,
CHICAGO SUN-TIMES.COM - RIVER FOREST FOREST LEAVES,chicago sun-times.com - river forest forest leaves,
CHICAGO SUN-TIMES.COM - SOUTHTOWNSTAR,chicago sun-times.com - southtownstar,
CHICAGO SUN-TIMES.COM - THE HERALD-NEWS,chicago sun-times.com - the herald-news,
CHICAGO SUN-TIMES.COM - JOLIET SHOREWOOD PREVIEW,chicago sun-times.com - joliet shorewood preview,
CHICAGO SUN-TIMES.COM - CHICAGO HEIGHTS PREVIEW,chicago sun-times.com - chicago heights preview,
CHICAGO SUN-TIMES.COM - CHICAGO RIDGE AND WORTH PREVIEW,chicago sun-times.com - chicago ridge and worth preview,
CHICAGO SUN-TIMES.COM - HOMEWOOD FLOSSMOOR PREVIEW,chicago sun-times.com - homewood flossmoor preview,
CHICAGO SUN-TIMES.COM - FRANKFORT MOKENA PREVIEW,chicago sun-times.com - frankfort mokena preview,
CHICAGO SUN-TIMES.COM - OAK FOREST CRESTWOOD MIDLOTHIAN PREVIEW,chicago sun-times.com - oak forest crestwood midlothian preview,
CHICAGO SUN-TIMES.COM - OAK LAWN PREVIEW,chicago sun-times.com - oak lawn preview,
CHICAGO SUN-TIMES.COM - ORLAND PARK PREVIEW,chicago sun-times.com - orland park preview,
CHICAGO SUN-TIMES.COM - TINLEY PARK PREVIEW,chicago sun-times.com - tinley park preview,
CHICAGO SUN-TIMES.COM - THE DOINGS CLARENDON HILLS,chicago sun-times.com - the doings clarendon hills,
CHICAGO SUN-TIMES.COM - THE DOINGS HINSDALE,chicago sun-times.com - the doings hinsdale,
CHICAGO SUN-TIMES.COM - THE DOINGS OAK BROOK,chicago sun-times.com - the doings oak brook,
CHICAGO SUN-TIMES.COM - THE DOINGS LAGRANGE,chicago sun-times.com - the doings lagrange,
"CHICAGO SUN-TIMES.COM - LA GRANGE, BURR RIDGE, WESTERN SPRINGS AND WILLOWBROOK PREVIEW","chicago sun-times.com - la grange, burr ridge, western springs and willowbrook preview",
CHICAGO SUN-TIMES.COM - NAPERVILLE PREVIEW,chicago sun-times.com - naperville preview,
CHICAGO SUN-TIMES.COM - THE DOINGS WESTERN SPRINGS,chicago sun-times.com - the doings western springs,
CHICAGO SUN-TIMES.COM - YORKVILLE PREVIEW,chicago sun-times.com - yorkville preview,
CHICAGO SUN-TIMES.COM - NAPERVILLE SUN,chicago sun-times.com - naperville sun,
CHICAGO SUN-TIMES.COM - NORRIDGE & HARWOOD HEIGHTS NEWS,chicago sun-times.com - norridge & harwood heights news,
CHICAGO SUN-TIMES.COM - LINCOLNWOOD REVIEW,chicago sun-times.com - lincolnwood review,
CHICAGO SUN-TIMES.COM - NILES HERALD-SPECTATOR,chicago sun-times.com - niles herald-spectator,
CHICAGO TRIBUNE,chicago tribune,chicagotribune.com
"THE NORTHWEST HERALD, CRYSTAL LAKE","the northwest herald, crystal lake",
DANVILLE COMMERCIAL-NEWS,danville commercial-news,
SOUTHERN ILLINOISAN SUNDAY SOUTHERN,southern illinoisan sunday southern,
THE SOUTHERN ILLINOISAN,the southern illinoisan,
THE SOUTHERN ILLINOISAN SUNDAY SOUTHERN,the southern illinoisan sunday southern,
DECATUR HERALD & REVIEW,decatur herald & review,
DAILY CHRONICLE,daily chronicle,
EDWARDSVILLE INTELLIGENCER,edwardsville intelligencer,
EFFINGHAM DAILY NEWS,effingham daily news,
DAILY SOUTHTOWN,daily southtown,
SOUTHTOWN STAR,southtown star,
SOUTHTOWNSTAR,southtownstar,
THE JOURNAL-STANDARD,the journal-standard,
GALESBURG REGISTER-MAIL,galesburg register-mail,
THE REGISTER-MAIL,the register-mail,
KANE COUNTY CHRONICLE,kane county chronicle,
JACKSONVILLE JOURNAL-COURIER,jacksonville journal-courier,
THE DAILY JOURNAL THE SUNDAY JOURNAL,the daily journal the sunday journal,
LA SALLE NEWS TRIBUNE,la salle news tribune,
LA SALLE NEWSTRIBUNE,la salle newstribune,
THE COURIER,the courier,
JG-TC,jg-tc,
MATTOON JOURNAL GAZETTE,mattoon journal gazette,
"MOLINE, THE DISPATCH","moline, the dispatch",
THE NAPERVILLE SUN,the naperville sun,
OTTAWA TIMES,ottawa times,
THE DAILY TIMES,the daily times,
PEORIA JOURNAL STAR,peoria journal star,
QUINCY HERALD WHIG,quincy herald whig,
QUINCY HERALD-WHIG,quincy herald-whig,
THE QUINCY HERALD-WHIG,the quincy herald-whig,
THE ROCK ISLAND ARGUS,the rock island argus,
ROCKFORD REGISTER STAR,rockford register star,
ROCKFORD REGISTER STAR - BOONE COUNTY WEEKLY,rockford register star - boone county weekly,
ROCKFORD REGISTER STAR - THE WEEKLY,rockford register star - the weekly,
ROCKFORD REGISTER STAR - NORTHERN WEEKLY,rockford register star - northern weekly,
ROCKFORD REGISTER STAR - THE PARKS,rockford register star - the parks,
"DAILY GAZETTE, SAUK VALLEY SUNDAY","daily gazette, sauk valley sunday",
TAYLORVILLE BREEZE-COURIER,taylorville breeze-courier,
LAKE COUNTY NEWS-SUN,lake county news-sun,
THE NEWS SUN,the news sun,
THE HERALD BULLETIN,the herald bulletin,
HERALD-REPUBLICAN,herald-republican,
THE HERALD-REPUBLICAN,the herald-republican,
THE EVENING STAR,the evening star,
TIMES-MAIL (BEDFORD),times-mail (bedford),
HERALD-TIMES,herald-times,
HERALD-TIMES / HOOSIER TIMES,herald-times / hoosier times,
HOOSIERTIMES,hoosiertimes,
ELKHART TRUTH,elkhart truth,
EVANSVILLE COURIER & PRESS,evansville courier & press,
THE JOURNAL GAZETTE/NEWS-SENTINEL,the journal gazette/news-sentinel,
THE JOURNAL GAZETTE,the journal gazette,
FT. WAYNE NEWS-SENTINEL,ft. wayne news-sentinel,
POST-TRIBUNE,post-tribune,
THE GOSHEN NEWS THE GOSHEN NEWS SUNDAY,the goshen news the goshen news sunday,
MUNSTER TIMES,munster times,
THE TIMES OF NORTHWEST INDIANA,the times of northwest indiana,
INDIANAPOLIS STAR,indianapolis star,
THE INDIANAPOLIS STAR,the indianapolis star,indystar.com
THE NEWS-SUN,the news-sun,
KOKOMO TRIBUNE,kokomo tribune,
"JOURNAL AND COURIER, LAFAYETTE","journal and courier, lafayette",
HERALD-ARGUS,herald-argus,
THE LA PORTE HERALD-ARGUS,the la porte herald-argus,
LOGANSPORT PHAROS-TRIBUNE,logansport pharos-tribune,
CHRONICLE-TRIBUNE,chronicle-tribune,
THE REPORTER-TIMES,the reporter-times,
THE NEWS-DISPATCH,the news-dispatch,
THE STAR PRESS,the star press,
PALLADIUM - ITEM,palladium - item,
RICHMOND PALLADIUM - ITEM,richmond palladium - item,
THE SHELBYVILLE NEWS,the shelbyville news,
SOUTH BEND TRIBUNE,south bend tribune,
TRIBUNE STAR,tribune star,
TRIBUNE-STAR,tribune-star,
VINCENNES SUN - COMMERCIAL,vincennes sun - commercial,
TIMES-UNION,times-union,
WASHINGTON TIMES - HERALD,washington times - herald,
BURLINGTON HAWK-EYE,burlington hawk-eye,
CEDAR RAPIDS THE GAZETTE,cedar rapids the gazette,
CLINTON HERALD,clinton herald,
COUNCIL BLUFFS NONPAREIL,council bluffs nonpareil,
QUAD-CITY TIMES,quad-city times,
QUAD-CITY TIMES - THRIFTY NICKEL,quad-city times - thrifty nickel,
DES MOINES REGISTER,des moines register,desmoinesregister.com
DUBUQUE TELEGRAPH HERALD,dubuque telegraph herald,
THE MESSENGER,the messenger,
IOWA CITY PRESS CITIZEN,iowa city press citizen,
IOWA CITY PRESS-CITIZEN,iowa city press-citizen,
MARSHALLTOWN TIMES-REPUBLICAN,marshalltown times-republican,
MASON CITY GLOBE GAZETTE,mason city globe gazette,
MUSCATINE JOURNAL,muscatine journal,
OSKALOOSA HERALD,oskaloosa herald,
THE OSKALOOSA HERALD,the oskaloosa herald,
OTTUMWA COURIER,ottumwa courier,
SIOUX CITY JOURNAL,sioux city journal,
THE COURIER - INSIDER,the courier - insider,
WATERLOO / CEDAR FALLS COURIER,waterloo / cedar falls courier,
THE DAILY FREEMAN-JOURNAL,the daily freeman-journal,
EMPORIA GAZETTE,emporia gazette,
GARDEN CITY TELEGRAM,garden city telegram,
THE GREAT BEND TRIBUNE,the great bend tribune,
THE HAYS DAILY NEWS,the hays daily news,
HUTCHINSON NEWS,hutchinson news,
JUNCTION CITY DAILY UNION,junction city daily union,
LAWRENCE JOURNAL-WORLD,lawrence journal-world,
THE MANHATTAN MERCURY,the manhattan mercury,
THE NEWTON KANSAN,the newton kansan,
THE OLATHE NEWS,the olathe news,
TODAY'S OLATHE NEWS,today's olathe news,
SALINA JOURNAL,salina journal,
THE SALINA JOURNAL,the salina journal,
TOPEKA CAPITAL JOURNAL,topeka capital journal,
THE WICHITA EAGLE,the wichita eagle,kansas.com
WINFIELD DAILY COURIER,winfield daily courier,
THE DAILY INDEPENDENT,the daily independent,
THE INDEPENDENT,the independent,
BOWLING GREEN DAILY NEWS,bowling green daily news,
THE ADVOCATE-MESSENGER,the advocate-messenger,
GLASGOW DAILY TIMES,glasgow daily times,
ELIZABETHTOWN NEWS-ENTERPRISE,elizabethtown news-enterprise,
THE NEWS-ENTERPRISE,the news-enterprise,
THE GLEANER,the gleaner,
HOPKINSVILLE KENTUCKY NEW ERA,hopkinsville kentucky new era,
LEXINGTON HERALD-LEADER,lexington herald-leader,kentucky.com
LOUISVILLE COURIER - JOURNAL,louisville courier - journal,courier-journal.com
LOUISVILLE COURIER - JOURNAL - YES! YOUR ESSENTIAL SHOPPER,louisville courier - journal - yes! your essential shopper,courier-journal.com
LOUISVILLE COURIER JOURNAL,louisville courier journal,courier-journal.com
THE LEDGER INDEPENDENT,the ledger independent,
OWENSBORO MESSENGER INQUIRER,owensboro messenger inquirer,
THE PADUCAH SUN,the paducah sun,
THE RICHMOND REGISTER,the richmond register,
THE TOWN TALK,the town talk,
THE ADVOCATE,the advocate,
"THE ADVOCATE SATURDAY, SUNDAY ADVOCATE","the advocate saturday, sunday advocate",
"DAILY STAR, SUNDAY STAR","daily star, sunday star",
DAILY STAR/SUNDAY STAR,daily star/sunday star,
"THE DAILY ADVERTISER, THE SUNDAY ADVERTI","the daily advertiser, the sunday adverti",
LAKE CHARLES AMERICAN PRESS,lake charles american press,
MONROE NEWS-STAR,monroe news-star,
NEWS-STAR,news-star,
THE TIMES-PICAYUNE,the times-picayune,nola.com
THE DAILY WORLD,the daily world,
"SHREVEPORT, THE TIMES","shreveport, the times",
THE THIBODAUX DAILY COMET,the thibodaux daily comet,
"KENNEBEC JOURNAL, KENNEBEC JRNL SUNDAY","kennebec journal, kennebec jrnl sunday",
THE KENNEBEC JOURNAL,the kennebec journal,
BANGOR DAILY NEWS,bangor daily news,
JOURNAL TRIBUNE,journal tribune,
THE TIMES RECORD,the times record,
SUN-JOURNAL,sun-journal,
PORTLAND PRESS HERALD TELEGRAM,portland press herald telegram,pressherald.com
PORTLAND PRESS HRLD/MAINE SUNDAY TELE,portland press hrld/maine sunday tele,pressherald.com
PORTLAND PRESS HRLD/MAINE SUNDAY TELEGRAM,portland press hrld/maine sunday telegram,pressherald.com
"MORNING SENTINEL, SUNDAY MORNING SENTINE","morning sentinel, sunday morning sentine",
"MORNING SENTINEL, SUNDAY SENTINEL","morning sentinel, sunday sentinel",
THE MORNING SENTINEL,the morning sentinel,
ANNAPOLIS CAPITAL,annapolis capital,
THE BALTIMORE SUN,the baltimore sun,baltimoresun.com
THE BALTIMORE SUN - LAUREL LEADER,the baltimore sun - laurel leader,
THE BALTIMORE SUN - COLUMBIA FLIER,the baltimore sun - columbia flier,
THE BALTIMORE SUN - TOWSON TIMES,the baltimore sun - towson times,
CUMBERLAND TIMES-NEWS,cumberland times-news,
THE FREDERICK NEWS - POST,the frederick news - post,
THE FREDERICK POST,the frederick post,
HAGERSTOWN MORNING HERALD/DAILY MAIL,hagerstown morning herald/daily mail,
THE HERALD-MAIL,the herald-mail,
HAGERSTOWN DAILY MAIL,hagerstown daily mail,
HAGERSTOWN MORNING HERALD,hagerstown morning herald,
THE DAILY TIMES THE SUNDAY TIMES,the daily times the sunday times,
CARROLL COUNTY TIMES,carroll county times,
ATTLEBORO SUN CHRONICLE,attleboro sun chronicle,
BOSTON GLOBE,boston globe,bostonglobe.com
"BOSTON HERALD, BOSTON SUNDAY HERALD","boston herald, boston sunday herald",bostonherald.com
THE ENTERPRISE,the enterprise,
"THE ENTERPRISE, BROCKTON","the enterprise, brockton",
THE DAILY NEWS TRANSCRIPT,the daily news transcript,
"FALL RIVER, THE HERALD NEWS","fall river, the herald news",
SENTINEL & ENTERPRISE,sentinel & enterprise,
METROWEST DAILY NEWS,metrowest daily news,
THE GARDNER NEWS,the gardner news,
GLOUCESTER DAILY TIMES,gloucester daily times,
GREENFIELD RECORDER,greenfield recorder,
CAPE COD TIMES,cape cod times,
THE EAGLE-TRIBUNE,the eagle-tribune,
"THE SUN, THE SUNDAY SUN","the sun, the sunday sun",
"THE SUN, THE SUNDAY SUN - CHRONICLE","the sun, the sunday sun - chronicle",
"THE SUN, THE SUNDAY SUN - HARVARD HILLSIDE","the sun, the sunday sun - harvard hillside",
THE DAILY ITEM,the daily item,
MILFORD DAILY NEWS,milford daily news,
"THE STANDARD - TIMES, SUNDAY STANDARD-T","the standard - times, sunday standard-t",
NEWBURYPORT DAILY NEWS,newburyport daily news,
THE NORTH ADAMS TRANSCRIPT,the north adams transcript,
DAILY HAMPSHIRE GAZETTE,daily hampshire gazette,
THE BERKSHIRE EAGLE,the berkshire eagle,
QUINCY PATRIOT LEDGER,quincy patriot ledger,
QUINCY PATRIOT LEDGER - WALPOLE TIMES,quincy patriot ledger - walpole times,
QUINCY PATRIOT LEDGER - SHARON ADVOCATE,quincy patriot ledger - sharon advocate,
SALEM NEWS,salem news,
THE SALEM NEWS,the salem news,
THE REPUBLICAN,the republican,
UNION-NEWS SUNDAY REPUBLICAN,union-news sunday republican,
TAUNTON DAILY GAZETTE,taunton daily gazette,
THE DAILY NEWS TRIBUNE,the daily news tribune,
TELEGRAM & GAZETTE SUNDAY TELEGRAM,telegram & gazette sunday telegram,
TELEGRAM & GAZETTE SUNDAY TELEGRAM - TELEGRAM TOWNS,telegram & gazette sunday telegram - telegram towns,
THE WORCESTER TELEGRAM-GAZETTE,the worcester telegram-gazette,
WORCESTER TELEGRAM-GAZETTE,worcester telegram-gazette,
ADRIAN TELEGRAM,adrian telegram,
ALPENA NEWS,alpena news,
ANN ARBOR NEWS,ann arbor news,
HURON DAILY TRIBUNE,huron daily tribune,
BATTLE CREEK ENQUIRER,battle creek enquirer,
THE BAY CITY TIMES,the bay city times,
HERALD PALLADIUM,herald palladium,
DETROIT FREE PRESS,detroit free press,freep.com
DETROIT FREE PRESS - SELECT,detroit free press - select,
THE DETROIT NEWS/FREE PRESS,the detroit news/free press,detroitnews.com
THE DETROIT NEWS,the detroit news,detroitnews.com
DAILY PRESS (ESCANABA),daily press (escanaba),
THE FLINT JOURNAL,the flint journal,
GRAND HAVEN TRIBUNE,grand haven tribune,
THE GRAND RAPIDS PRESS,the grand rapids press,mlive.com
GREENVILLE DAILY NEWS,greenville daily news,
THE DAILY NEWS,the daily news,
THE HOLLAND SENTINEL,the holland sentinel,
HOUGHTON DAILY MINING GAZETTE,houghton daily mining gazette,
LIVINGSTON COUNTY DAILY PRESS & ARGUS,livingston county daily press & argus,
IRON MOUNTAIN DAILY NEWS,iron mountain daily news,
JACKSON CITIZEN PATRIOT,jackson citizen patriot,
KALAMAZOO GAZETTE,kalamazoo gazette,
LANSING STATE JOURNAL,lansing state journal,
LUDINGTON DAILY NEWS,ludington daily news,
MARQUETTE MINING JOURNAL,marquette mining journal,
MIDLAND DAILY NEWS,midland daily news,
THE MONROE EVENING NEWS,the monroe evening news,
THE MONROE NEWS,the monroe news,
THE MACOMB DAILY,the macomb daily,
MORNING SUN,morning sun,
THE MUSKEGON CHRONICLE,the muskegon chronicle,
THE DAILY OAKLAND PRESS,the daily oakland press,
THE OAKLAND PRESS (MORNING & SUNDAY),the oakland press (morning & sunday),
PETOSKEY NEWS-REVIEW,petoskey news-review,
TIMES HERALD,times herald,
ROYAL OAK DAILY TRIBUNE,royal oak daily tribune,
SAGINAW NEWS,saginaw news,
THE SAGINAW NEWS,the saginaw news,
TRAVERSE CITY RECORD-EAGLE,traverse city record-eagle,
BRAINERD DAILY DISPATCH,brainerd daily dispatch,
BRAINERD DISPATCH,brainerd dispatch,
DULUTH NEWS TRIBUNE,duluth news tribune,
DULUTH NEWS-TRIBUNE,duluth news-tribune,
FAIRMONT SENTINEL,fairmont sentinel,
THE DAILY TRIBUNE,the daily tribune,
MANKATO FREE PRESS,mankato free press,
INDEPENDENT,independent,
MARSHALL INDEPENDENT,marshall independent,
MINNEAPOLIS STAR TRIBUNE,minneapolis star tribune,startribune.com
MINNEAPOLIS STAR TRIBUNE - STRIBEXPRESS,minneapolis star tribune - stribexpress,startribune.com
NEW ULM JOURNAL,new ulm journal,
OWATONNA PEOPLE'S PRESS,owatonna people's press,
RED WING REPUBLICAN EAGLE,red wing republican eagle,
POST - BULLETIN,post - bulletin,
ST. CLOUD TIMES,st. cloud times,
SAINT PAUL PIONEER PRESS,saint paul pioneer press,twincities.com
MESABI DAILY NEWS,mesabi daily news,
WINONA DAILY NEWS (MORNING & SUNDAY),winona daily news (morning & sunday),
THE CLARKSDALE PRESS REGISTER,the clarksdale press register,
DAILY CORINTHIAN,daily corinthian,
GREENWOOD COMMONWEALTH,greenwood commonwealth,
BILOXI SUN HERALD,biloxi sun herald,
THE BOLIVAR COMMERCIAL,the bolivar commercial,
THE DAILY LEADER,the daily leader,
HATTIESBURG AMERICAN,hattiesburg american,
DELTA DEMOCRAT TIMES,delta democrat times,
JACKSON CLARION-LEDGER,jackson clarion-ledger,
THE CLARION-LEDGER,the clarion-ledger,clarionledger.com
LAUREL LEADER-CALL,laurel leader-call,
LEADER-CALL,leader-call,
MC COMB ENTERPRISE-JOURNAL,mc comb enterprise-journal,
MERIDIAN STAR,meridian star,
MISSISSIPPI PRESS,mississippi press,
THE PICAYUNE ITEM,the picayune item,
NORTHEAST MISSISSIPPI DLY JOURNAL,northeast mississippi dly journal,
THE VICKSBURG POST,the vicksburg post,
COLUMBIA DAILY TRIBUNE,columbia daily tribune,
DAILY JOURNAL,daily journal,
"PARK HILLS, THE DAILY JOURNAL","park hills, the daily journal",
THE HANNIBAL COURIER-POST,the hannibal courier-post,
DAILY CAPITAL NEWS/POST TRIBUNE/NEWS TRI,daily capital news/post tribune/news tri,
DAILY CAPITAL NEWS/POST TRIBUNE/NEWS TRIBUNE,daily capital news/post tribune/news tribune,
NEWS TRIBUNE,news tribune,
"JEFFERSON CITY, POST TRIBUNE","jefferson city, post tribune",
DAILY CAPITAL NEWS TRIBUNE,daily capital news tribune,
"JEFFERSON CITY,CAPITAL NEWS","jefferson city,capital news",
JOPLIN GLOBE,joplin globe,
THE JOPLIN GLOBE,the joplin globe,
KANSAS CITY STAR,kansas city star,kansascity.com
ST. JOSEPH NEWS-PRESS,st. joseph news-press,
ST. LOUIS POST - DISPATCH,st. louis post - dispatch,stltoday.com
ST. LOUIS POST - DISPATCH - SAVE NOW,st. louis post - dispatch - save now,stltoday.com
SPRINGFIELD NEWS-LEADER,springfield news-leader,
WARRENSBURG DAILY STAR JOURNAL,warrensburg daily star journal,
BILLINGS GAZETTE,billings gazette,billingsgazette.com
BOZEMAN DAILY CHRONICLE,bozeman daily chronicle,
BUTTE MONTANA STANDARD,butte montana standard,
THE MONTANA STANDARD,the montana standard,
GREAT FALLS TRIBUNE,great falls tribune,
INDEPENDENT RECORD,independent record,
"MISSOULA, MISSOULIAN","missoula, missoulian",
MISSOULIAN,missoulian,
BEATRICE DAILY SUN,beatrice daily sun,
COLUMBUS TELEGRAM,columbus telegram,
FREMONT TRIBUNE,fremont tribune,
GRAND ISLAND INDEPENDENT,grand island independent,
KEARNEY HUB,kearney hub,
LINCOLN JOURNAL STAR,lincoln journal star,
NORFOLK NEWS,norfolk news,
NORTH PLATTE TELEGRAPH,north platte telegraph,
THE NORTH PLATTE TELEGRAPH,the north platte telegraph,
OMAHA WORLD HERALD SUNDAY WORLD HERALD,omaha world herald sunday world herald,omaha.com
SCOTTSBLUFF STAR-HERALD,scottsbluff star-herald,
NEVADA APPEAL,nevada appeal,
LAS VEGAS REVIEW-JOURNAL,las vegas review-journal,reviewjournal.com
LAS VEGAS REVIEW-JOURNAL - VIEW,las vegas review-journal - view,
LAS VEGAS REVIEW-JOURNAL - EL TIEMPO,las vegas review-journal - el tiempo,
LAS VEGAS REVIEW-JOURNAL/SUN,las vegas review-journal/sun,
LAS VEGAS REVIEW JOURNAL,las vegas review journal,
LAS VEGAS SUN,las vegas sun,
RENO GAZETTE/JOURNAL,reno gazette/journal,
CLAREMONT EAGLE TIMES,claremont eagle times,
"CONCORD MONITOR, SUNDAY MONITOR","concord monitor, sunday monitor",
FOSTER'S DAILY DEMOCRAT,foster's daily democrat,
FOSTER'S SUNDAY CITIZEN,foster's sunday citizen,
THE KEENE SENTINEL,the keene sentinel,
"LACONIA,THE CITIZEN","laconia,the citizen",
"NEW HAMPSHIRE UNION LEADER, NH SUNDAY NE","new hampshire union leader, nh sunday ne",unionleader.com
THE TELEGRAPH THE SUNDAY TELEGRAPH,the telegraph the sunday telegraph,
PORTSMOUTH HERALD (MORNING & SUNDAY),portsmouth herald (morning & sunday),
"PORTSMOUTH HERALD, HERALD SUNDAY","portsmouth herald, herald sunday",
"PORTSMOUTH HERALD, SEACOAST SUNDAY","portsmouth herald, seacoast sunday",
VALLEY NEWS,valley news,
ASBURY PARK PRESS,asbury park press,app.com
ASBURY PARK PRESS - BEACH HAVEN TIMES,asbury park press - beach haven times,
ASBURY PARK PRESS - TUCKERTON BEACON,asbury park press - tuckerton beacon,
THE PRESS OF ATLANTIC CITY,the press of atlantic city,
BRIDGETON NEWS,bridgeton news,
THE NEWS OF CUMBERLAND COUNTY,the news of cumberland county,
COURIER POST,courier post,
THE RECORD - SUBURBAN TRENDS,the record - suburban trends,
THE RECORD - HERALD NEWS,the record - herald news,
"THE RECORD, HERALD NEWS","the record, herald news",
"THE RECORD, THE SUNDAY RECORD","the record, the sunday record",
JERSEY CITY JOURNAL,jersey city journal,
THE JERSEY JOURNAL,the jersey journal,
DAILY RECORD,daily record,
THE NEWARK STAR LEDGER,the newark star ledger,
THE STAR-LEDGER,the star-ledger,nj.coms
HOME NEWS TRIBUNE,home news tribune,
THE HOME NEWS TRIBUNE,the home news tribune,
"NEW JERSEY HERALD, NEW JERSEY SUNDAY HER","new jersey herald, new jersey sunday her",
BRIDGEWATER COURIER NEWS,bridgewater courier news,
THE COURIER-NEWS THE SUNDAY COURIER-NEWS,the courier-news the sunday courier-news,
"SALEM, TODAY'S SUNBEAM","salem, today's sunbeam",
THE TRENTON TIMES,the trenton times,
THE TRENTONIAN,the trentonian,
"HOY, LLC","hoy, llc",
THE DAILY JOURNAL,the daily journal,
BURLINGTON COUNTY TIMES,burlington county times,
GLOUCESTER COUNTY TIMES,gloucester county times,
SOUTH JERSEY TIMES,south jersey times,
ALAMOGORDO DAILY NEWS,alamogordo daily news,
ALBUQUERQUE JOURNAL,albuquerque journal,abqjournal.com
ALBUQUERQUE JOURNAL - MOUNTAIN VIEW TELEGRAPH,albuquerque journal - mountain view telegraph,
ALBUQUERQUE JOURNAL/TRIBUNE,albuquerque journal/tribune,
ALBUQUERQUE TRIBUNE,albuquerque tribune,
CARLSBAD CURRENT-ARGUS,carlsbad current-argus,
CLOVIS NEWS JOURNAL,clovis news journal,
"FARMINGTON, THE DAILY TIMES","farmington, the daily times",
THE GALLUP INDEPENDENT,the gallup independent,
HOBBS NEWS-SUN,hobbs news-sun,
LAS CRUCES SUN-NEWS,las cruces sun-news,
THE SANTA FE NEW MEXICAN,the santa fe new mexican,
ALBANY TIMES UNION,albany times union,
"THE TIMES UNION, SUNDAY TIMES UNION","the times union, sunday times union",
TIMES UNION,times union,
AMSTERDAM RECORDER,amsterdam recorder,
THE AUBURN CITIZEN,the auburn citizen,
THE CITIZEN (AUBURN),the citizen (auburn),
BATAVIA DAILY NEWS,batavia daily news,
BINGHAMTON PRESS & SUN-BLTN.,binghamton press & sun-bltn.,
BINGHAMTON PRESS & SUN-BULLETIN,binghamton press & sun-bulletin,
THE BUFFALO NEWS,the buffalo news,buffalonews.com
THE DAILY MESSENGER THE SUNDAY MESSENGE,the daily messenger the sunday messenge,
CATSKILL DAILY MAIL,catskill daily mail,
THE DAILY MAIL,the daily mail,
THE LEADER,the leader,
OBSERVER DAILY & SUNDAY,observer daily & sunday,
ELMIRA STAR GAZETTE,elmira star gazette,
STAR-GAZETTE,star-gazette,
LONG ISLAND NEWSDAY,long island newsday,newsday.com
FINGER LAKES TIMES,finger lakes times,
FINGER LAKES TIMES FINGER LAKES SUNDAY T,finger lakes times finger lakes sunday t,
GLENS FALLS THE POST-STAR,glens falls the post-star,
THE LEADER-HERALD THE SUNDAY LEADER HER,the leader-herald the sunday leader her,
HUDSON REGISTER STAR SUNDAY REGISTER ST,hudson register star sunday register st,
HUDSON REGISTER-STAR SUNDAY REGISTER ST,hudson register-star sunday register st,
REGISTER-STAR,register-star,
THE ITHACA JOURNAL,the ithaca journal,
THE POST-JOURNAL (MORNING) THE SUNDAY PO,the post-journal (morning) the sunday po,
"DAILY FREEMAN, SUNDAY FREEMAN","daily freeman, sunday freeman",
"KINGSTON, DAILY FREEMAN, SUNDAY FREEMAN","kingston, daily freeman, sunday freeman",
LOCKPORT UNION-SUN & JOURNAL,lockport union-sun & journal,
UNION-SUN & JOURNAL,union-sun & journal,
THE JOURNAL-REGISTER,the journal-register,
THE TIMES HERALD RECORD,the times herald record,
TIMES HERALD-RECORD,times herald-record,
DIARIO DE MEXICO EDICION USA,diario de mexico edicion usa,
EL DIARIO / LA PRENSA,el diario / la prensa,
"NEW YORK, DAILY NEWS","new york, daily news",nydailynews.com
"NEW YORK, DAILY NEWS - HORA HISPANA","new york, daily news - hora hispana",nydailynews.com
"NEW YORK, DAILY NEWS - SUNDAY VALUES","new york, daily news - sunday values",nydailynews.com
NEW YORK POST,new york post,nypost.com
THE NEW YORK SUN,the new york sun,
NIAGARA GAZETTE,niagara gazette,
NIAGARA GAZETTE NIAGARA SUNDAY,niagara gazette niagara sunday,
TONAWANDA NEWS,tonawanda news,
OLEAN TIMES HERALD,olean times herald,
THE TIMES HERALD,the times herald,
THE ONEIDA DAILY DISPATCH,the oneida daily dispatch,
THE DAILY STAR,the daily star,
PLATTSBURGH PRESS-REPUBLICAN,plattsburgh press-republican,
POUGHKEEPSIE JOURNAL,poughkeepsie journal,
DEMOCRAT AND CHRONICLE,democrat and chronicle,democratandchronicle.com
ROCHESTER DEMOCRAT AND CHRONICLE,rochester democrat and chronicle,
ROME DAILY SENTINEL,rome daily sentinel,
"SARATOGA, THE SARATOGIAN","saratoga, the saratogian",
DAILY GAZETTE,daily gazette,
SCHENECTADY GAZETTE,schenectady gazette,
STATEN ISLAND ADVANCE,staten island advance,
THE POST-STANDARD,the post-standard,syracuse.com
"TROY, THE RECORD","troy, the record",
OBSERVER-DISPATCH (MORNING & SUNDAY),observer-dispatch (morning & sunday),
WATERTOWN DAILY TIMES,watertown daily times,
THE JOURNAL NEWS,the journal news,lohud.com
ASHEBORO COURIER TRIBUNE,asheboro courier tribune,
ASHEVILLE CITIZEN-TIMES,asheville citizen-times,
THE CHARLOTTE OBSERVER,the charlotte observer,charlotteobserver.com
SAMPSON INDEPENDENT,sampson independent,
THE SAMPSON INDEPENDENT,the sampson independent,
THE INDEPENDENT TRIBUNE,the independent tribune,
THE DAILY RECORD,the daily record,
"DURHAM, THE HERALD - SUN","durham, the herald - sun",
THE DAILY ADVANCE,the daily advance,
THE FAYETTEVILLE OBSERVER,the fayetteville observer,
GASTON GAZETTE,gaston gazette,
GASTONIA GAZETTE,gastonia gazette,
GOLDSBORO-NEWS ARGUS,goldsboro-news argus,
"GREENSBORO, NEWS & RECORD","greensboro, news & record",
GREENVILLE DAILY REFLECTOR,greenville daily reflector,
THE DAILY DISPATCH,the daily dispatch,
HENDERSONVILLE TIMES-NEWS,hendersonville times-news,
HICKORY DAILY RECORD,hickory daily record,
THE FREE PRESS,the free press,
LENOIR NEWS-TOPIC,lenoir news-topic,
NEWS-TOPIC,news-topic,
THE LEXINGTON DISPATCH,the lexington dispatch,
"LUMBERTON, THE ROBESONIAN","lumberton, the robesonian",
THE ENQUIRER-JOURNAL,the enquirer-journal,
THE MONROE ENQUIRER JOURNAL,the monroe enquirer journal,
MORGANTON NEWS HERALD,morganton news herald,
NEW BERN SUN-JOURNAL,new bern sun-journal,
"RALEIGH, THE NEWS & OBSERVER","raleigh, the news & observer",
THE NEWS & OBSERVER,the news & observer,newsobserver.com
RICHMOND COUNTY DAILY JOURNAL,richmond county daily journal,
ROCKY MOUNT TELEGRAM,rocky mount telegram,
SALISBURY POST,salisbury post,
THE SANFORD HERALD,the sanford herald,
STATESVILLE RECORD & LANDMARK,statesville record & landmark,
WASHINGTON DAILY NEWS,washington daily news,
STARNEWS MEDIA,starnews media,
THE WILSON DAILY TIMES,the wilson daily times,
WINSTON-SALEM JOURNAL,winston-salem journal,
BISMARCK TRIBUNE,bismarck tribune,
THE FORUM (FARGO),the forum (fargo),inforum.com
GRAND FORKS HERALD,grand forks herald,
MINOT DAILY NEWS,minot daily news,
AKRON BEACON JOURNAL,akron beacon journal,beaconjournal.com
ALLIANCE REVIEW,alliance review,
STAR-BEACON,star-beacon,
THE STAR-BEACON,the star-beacon,
ASHLAND TIMES GAZETTE,ashland times gazette,
ATHENS MESSENGER,athens messenger,
"THE ATHENS MESSENGER, THE SUNDAY MESSENG","the athens messenger, the sunday messeng",
"THE ATHENS MESSENGER, THE SUNDAY MESSENGER","the athens messenger, the sunday messenger",
BELLEFONTAINE EXAMINER,bellefontaine examiner,
BOWLING GREEN SENTINEL-TRIBUNE,bowling green sentinel-tribune,
THE BRYAN TIMES,the bryan times,
TELEGRAPH - FORUM (EVENING),telegraph - forum (evening),
THE DAILY JEFFERSONIAN,the daily jeffersonian,
THE CANTON REPOSITORY,the canton repository,
CHILLICOTHE GAZETTE,chillicothe gazette,
CINCINNATI ENQUIRER,cincinnati enquirer,cincinnati.com
CINCINNATI POST,cincinnati post,
THE CIRCLEVILLE HERALD,the circleville herald,
THE PLAIN DEALER,the plain dealer,cleveland.com
"THE PLAIN DEALER, PLAIN DEALER SUNDAY","the plain dealer, plain dealer sunday",
MANSFIELD NEWS-JOURNAL,mansfield news-journal,
THE COLUMBUS DISPATCH,the columbus dispatch,dispatch.com
THE COSHOCTON TRIBUNE,the coshocton tribune,
DAYTON DAILY NEWS,dayton daily news,daytondailynews.com
DEFIANCE CRESCENT-NEWS,defiance crescent-news,
"NEW PHILADELPHIA, THE TIMES REPORTER","new philadelphia, the times reporter",
THE REVIEW,the review,
THE CHRONICLE-TELEGRAM,the chronicle-telegram,
FINDLAY COURIER,findlay courier,
FREMONT NEWS-MESSENGER,fremont news-messenger,
GALLIPOLIS DAILY TRIBUNE SUNDAY TIMES-SE,gallipolis daily tribune sunday times-se,
GREENVILLE DAILY ADVOCATE,greenville daily advocate,
HAMILTON NEWSJOURNAL,hamilton newsjournal,
"HAMILTON, JOURNAL-NEWS","hamilton, journal-news",
JOURNAL NEWS,journal news,
JOURNAL-NEWS,journal-news,
JOURNALNEWS,journalnews,
LANCASTER EAGLE - GAZETTE,lancaster eagle - gazette,
THE LIMA NEWS,the lima news,
MORNING JOURNAL,morning journal,
THE LOGAN DAILY NEWS,the logan daily news,
"LORAIN, THE MORNING JOURNAL","lorain, the morning journal",
THE MARIETTA TIMES,the marietta times,
THE MARION STAR,the marion star,
"MARTINS FERRY, THE TIMES LEADER","martins ferry, the times leader",
MASSILLON INDEPENDENT,massillon independent,
THE MIDDLETOWN JOURNAL,the middletown journal,
MOUNT VERNON NEWS,mount vernon news,
NORWALK REFLECTOR,norwalk reflector,
THE PIQUA DAILY CALL,the piqua daily call,
THE DAILY SENTINEL,the daily sentinel,
PORT CLINTON NEWS HERALD,port clinton news herald,
PORTSMOUTH DAILY TIMES,portsmouth daily times,
RAVENNA RECORD - COURIER,ravenna record - courier,
RECORD - COURIER,record - courier,
SANDUSKY REGISTER (EVENING) SUNDAY REGIS,sandusky register (evening) sunday regis,
SIDNEY DAILY NEWS,sidney daily news,
THE SIDNEY DAILY NEWS,the sidney daily news,
SPRINGFIELD NEWS-SUN,springfield news-sun,
HERALD - STAR,herald - star,
ADVERTISER TRIBUNE,advertiser tribune,
TIFFIN ADVERTISER TRIBUNE,tiffin advertiser tribune,
THE BLADE,the blade,toledoblade.com
TROY DAILY NEWS,troy daily news,
URBANA DAILY CITIZEN,urbana daily citizen,
TRIBUNE CHRONICLE,tribune chronicle,
LAKE COUNTY NEWS HERALD,lake county news herald,
WOOSTER DAILY RECORD,wooster daily record,
XENIA DAILY GAZETTE,xenia daily gazette,
THE VINDICATOR,the vindicator,
ZANESVILLE TIMES RECORDER,zanesville times recorder,
BARTLESVILLE EXAMINER-ENTERPRISE,bartlesville examiner-enterprise,
ENID NEWS AND EAGLE,enid news and eagle,
THE LAWTON CONSTITUTION SUNDAY CONSTITUTION,the lawton constitution sunday constitution,
THE LAWTON CONSTITUTION THE SUNDAY CONST,the lawton constitution the sunday const,
MCALESTER NEWS-CAPITAL,mcalester news-capital,
MCALESTER NEWS-CAPITAL & DEMOCRAT,mcalester news-capital & democrat,
NEWS-CAPITAL & DEMOCRAT,news-capital & democrat,
MUSKOGEE PHOENIX,muskogee phoenix,
MUSKOGEE PHOENIX-TIME DEMOCRAT,muskogee phoenix-time democrat,
NORMAN TRANSCRIPT,norman transcript,
THE NORMAN TRANSCRIPT,the norman transcript,
THE JOURNAL RECORD,the journal record,
THE DAILY OKLAHOMAN,the daily oklahoman,
THE OKLAHOMAN,the oklahoman,oklahoman.com
THE PONCA CITY NEWS,the ponca city news,
SHAWNEE NEWS-STAR,shawnee news-star,
STILLWATER NEWS PRESS,stillwater news press,
TULSA WORLD,tulsa world,tulsaworld.com
ALBANY DEMOCRAT - HERALD,albany democrat - herald,
ALBANY DEMOCRAT - HERALD/MID-VALLEY SUND,albany democrat - herald/mid-valley sund,
ALBANY DEMOCRAT-HERALD / MID-VALLEY SUNDAY,albany democrat-herald / mid-valley sunday,
ASHLAND DAILY TIDINGS,ashland daily tidings,
THE DAILY ASTORIAN,the daily astorian,
BAKER CITY HERALD,baker city herald,
THE WORLD,the world,
CORVALLIS GAZETTE-TIMES,corvallis gazette-times,
THE REGISTER-GUARD,the register-guard,
GRANTS PASS DAILY COURIER,grants pass daily courier,
"KLAMATH FALLS, HERALD AND NEWS","klamath falls, herald and news",
MAIL TRIBUNE,mail tribune,
PENDLETON EAST OREGONIAN,pendleton east oregonian,
THE OREGONIAN,the oregonian,oregonlive.com
THE OREGONIAN - FOREST GROVE LEADER,the oregonian - forest grove leader,
THE ORGONIAN,the orgonian,
THE NEWS REVIEW OF DOUGLAS COUNTY,the news review of douglas county,
THE NEWS-REVIEW,the news-review,
STATESMAN JOURNAL,statesman journal,
ALLENTOWN MORNING CALL,allentown morning call,mcall.com
ALTOONA MIRROR,altoona mirror,
BEAVER COUNTY TIMES,beaver county times,
BUTLER EAGLE,butler eagle,
THE SENTINEL,the sentinel,
CHAMBERSBURG PUBLIC OPINION,chambersburg public opinion,
PUBLIC OPINION,public opinion,
"COURIER EXPRESS, TRI COUNTY SUNDAY","courier express, tri county sunday",
DELAWARE COUNTY TIMES,delaware county times,
CONNELLSVILLE COURIER,connellsville courier,
THE INTELLIGENCER,the intelligencer,
"EASTON, THE EXPRESS-TIMES","easton, the express-times",
THE EXPRESS-TIMES,the express-times,
ELLWOOD CITY LEDGER,ellwood city ledger,
ERIE TIMES-NEWS,erie times-news,
ERIE TIMES-NEWS - GOCRAWFORDCOUNTY.COM,erie times-news - gocrawfordcounty.com,
GETTYSBURG TIMES,gettysburg times,
GREENSBURG TRIBUNE REVIEW,greensburg tribune review,triblive.com
TRIBUNE REVIEW,tribune review,triblive.com
TRIBUNE REVIEW - VALLEY NEWS DISPATCH,tribune review - valley news dispatch,triblive.com
TRIBUNE REVIEW - NORTH JOURNAL,tribune review - north journal,triblive.com
TRIBUNE REVIEW - BRIDGEVILLE AREA NEWS,tribune review - bridgeville area news,triblive.com
TRIBUNE REVIEW - THE VALLEY INDEPENDENT,tribune review - the valley independent,triblive.com
TRIBUNE REVIEW - PINE CREEK JOURNAL,tribune review - pine creek journal,triblive.com
TRIBUNE REVIEW - THE DAILY NEWS,tribune review - the daily news,triblive.com
TRIBUNE REVIEW - SEWICKLEY HERALD,tribune review - sewickley herald,triblive.com
TRIBUNE REVIEW - PENN-TRAFFORD STAR,tribune review - penn-trafford star,triblive.com
TRIBUNE REVIEW - THE SIGNAL ITEM,tribune review - the signal item,triblive.com
TRIBUNE REVIEW - THE TIMES EXPRESS,tribune review - the times express,triblive.com
TRIBUNE REVIEW - MCKNIGHT JOURNAL,tribune review - mcknight journal,triblive.com
TRIBUNE REVIEW - PLUM ADVANCE LEADER,tribune review - plum advance leader,triblive.com
TRIBUNE REVIEW - NORWIN STAR,tribune review - norwin star,triblive.com
TRIBUNE REVIEW - MURRYSVILLE STAR,tribune review - murrysville star,triblive.com
TRIBUNE REVIEW - THE MOUNT PLEASANT JOURNAL,tribune review - the mount pleasant journal,triblive.com
TRIBUNE REVIEW - LEADER TIMES,tribune review - leader times,triblive.com
TRIBUNE REVIEW - THE LIGONIER ECHO,tribune review - the ligonier echo,triblive.com
TRIBUNE REVIEW - CRANBERRY JOURNAL,tribune review - cranberry journal,triblive.com
HANOVER EVENING SUN,hanover evening sun,
"THE PATRIOT NEWS, SUNDAY PATRIOT NEWS","the patriot news, sunday patriot news",
"STANDARD-SPEAKER, STANDARD-SPEAKER SUNDA","standard-speaker, standard-speaker sunda",
THE INDIANA GAZETTE,the indiana gazette,
THE TRIBUNE-DEMOCRAT,the tribune-democrat,
LEADER TIMES,leader times,
INTELLIGENCER JOURNAL/LANCASTER NEW ERA,intelligencer journal/lancaster new era,
"LANCASTER NEW ERA, INTELLIGENCER JOURNAL","lancaster new era, intelligencer journal",
LANCASTER NEW ERA,lancaster new era,
INTELLIGENCER JOURNAL,intelligencer journal,
LANSDALE REPORTER,lansdale reporter,
LEHIGHTON TIMES NEWS,lehighton times news,
THE TIMES NEWS,the times news,
LEBANON DAILY NEWS,lebanon daily news,
LEWISTOWN SENTINEL,lewistown sentinel,
BUCKS COUNTY COURIER TIMES,bucks county courier times,
LOCK HAVEN EXPRESS,lock haven express,
MCKEESPORT DAILY NEWS,mckeesport daily news,
THE MEADVILLE TRIBUNE,the meadville tribune,
MONESSEN VALLEY INDEPENDENT,monessen valley independent,
NEW CASTLE NEWS,new castle news,
"NEW KENSINGTON, VALLEY NEWS DISPATCH","new kensington, valley news dispatch",
VALLEY NEWS DISPATCH,valley news dispatch,
NORRISTOWN TIMES HERALD,norristown times herald,
PHILADELPHIA INQUIRER,philadelphia inquirer,
PHILADELPHIA INQUIRER - THE PHILADELPHIA DAILY NEWS,philadelphia inquirer - the philadelphia daily news,inquirer.com
THE PHILADELPHIA DAILY NEWS,the philadelphia daily news,
"PHOENIXVILLE, THE PHOENIX","phoenixville, the phoenix",
PITTSBURGH POST-GAZETTE,pittsburgh post-gazette,post-gazette.com
PITTSBURGH POST-GAZETTE - SUNDAY EXTRA,pittsburgh post-gazette - sunday extra,
POTTSTOWN MERCURY,pottstown mercury,
THE MERCURY,the mercury,
POTTSVILLE REPUBLICAN & EVENING HERALD,pottsville republican & evening herald,
REPUBLICAN & HERALD,republican & herald,
REPUBLICAN HERALD,republican herald,
READING EAGLE,reading eagle,
THE TIMES-TRIBUNE,the times-tribune,
THE TRIBUNE/THE SCRANTON TIMES,the tribune/the scranton times,
THE SCRANTON TIMES,the scranton times,
THE SCRANTON TRIBUNE,the scranton tribune,
THE SHARON HERALD,the sharon herald,
THE NEWS-ITEM,the news-item,
DAILY AMERICAN,daily american,
"STATE COLLEGE, CENTRE DAILY TIMES","state college, centre daily times",
"POCONO RECORD, STROUDSBURG","pocono record, stroudsburg",
THE POCONO RECORD,the pocono record,
SUNBURY DAILY ITEM,sunbury daily item,
HERALD STANDARD,herald standard,
HERALD-STANDARD,herald-standard,
HERALDSTANDARD.COM,heraldstandard.com,
UNIONTOWN HERALD STANDARD,uniontown herald standard,
TIMES OBSERVER,times observer,
OBSERVER REPORTER,observer reporter,
DAILY LOCAL NEWS,daily local news,
WEST CHESTER DAILY LOCAL NEWS,west chester daily local news,
WILKES-BARRE CITIZENS' VOICE,wilkes-barre citizens' voice,
LUZERNE COUNTY NEWSPAPERS,luzerne county newspapers,
THE CITIZENS' VOICE,the citizens' voice,
TIMES-SHAMROCK NEWSPAPERS,times-shamrock newspapers,
"THE TIMES LEADER, THE SUNDAY TIMES LEADE","the times leader, the sunday times leade",
"THE TIMES LEADER, THE SUNDAY TIMES LEADE - THE ABINGTON JOURNAL","the times leader, the sunday times leade - the abington journal",
"THE TIMES LEADER, THE SUNDAY TIMES LEADE - BAZAAR","the times leader, the sunday times leade - bazaar",
SUN-GAZETTE,sun-gazette,
YORK DAILY RECORD/SUNDAY,york daily record/sunday,
YORK DAILY RECORD/YORK DISPATCH/NEWS,york daily record/york dispatch/news,
YORK DAILY RECORD,york daily record,
YORK DISPATCH,york dispatch,
YORK DISPATCH/NEWS,york dispatch/news,
NEWPORT DAILY NEWS,newport daily news,
"PAWTUCKET, THE TIMES","pawtucket, the times",
PROVIDENCE JRNL/PROVIDENCE SUNDAY JRNL,providence jrnl/providence sunday jrnl,providencejournal.com
PROVIDENCE JRNL/PROVIDENCE SUNDAY JRNL - PROJOEXPRESS,providence jrnl/providence sunday jrnl - projoexpress,providencejournal.com
PROVIDENCE JRNL/PROVIDENCE SUNDAY JRNL - JOURNAL EXPRESS,providence jrnl/providence sunday jrnl - journal express,providencejournal.com
PROVIDENCE JRNL/PROVIDENCE SUNDAY JRNL.,providence jrnl/providence sunday jrnl.,providencejournal.com
WESTERLY SUN,westerly sun,
KENT COUNTY DAILY TIMES,kent county daily times,
THE CALL,the call,
AIKEN STANDARD,aiken standard,
ANDERSON INDEPENDENT-MAIL,anderson independent-mail,
THE BEAUFORT GAZETTE,the beaufort gazette,
CHARLESTON THE POST AND COURIER,charleston the post and courier,postandcourier.com
"COLUMBIA, THE STATE","columbia, the state",thestate.com
THE STATE,the state,thestate.com
THE STATE - YES! YOUR ESSENTIAL SHOPPER,the state - yes! your essential shopper,thestate.com
MORNING NEWS,morning news,
GREENVILLE NEWS,greenville news,
GREENVILLE NEWS - YES! YOUR ESSENTIAL SHOPPER,greenville news - yes! your essential shopper,
GREENWOOD INDEX JOURNAL,greenwood index journal,
HILTON HEAD ISLAND PACKET,hilton head island packet,
THE ISLAND PACKET,the island packet,
MYRTLE BEACH THE SUN NEWS,myrtle beach the sun news,
THE TIMES & DEMOCRAT,the times & democrat,
THE HERALD,the herald,
SPARTANBURG HERALD-JOURNAL,spartanburg herald-journal,
SUMTER THE ITEM,sumter the item,
ABERDEEN AMERICAN NEWS,aberdeen american news,
THE BROOKINGS REGISTER,the brookings register,
PLAINSMAN,plainsman,
RAPID CITY JOURNAL,rapid city journal,
ARGUS LEADER,argus leader,argusleader.com
"SIOUX FALLS, ARGUS LEADER","sioux falls, argus leader",
WATERTOWN PUBLIC OPINION,watertown public opinion,
ATHENS DAILY POST-ATHENIAN,athens daily post-athenian,
CHATTANOOGA TIMES FREE PRESS,chattanooga times free press,
CLARKSVILLE LEAF CHRONICLE,clarksville leaf chronicle,
CLEVELAND DAILY BANNER,cleveland daily banner,
COLUMBIA DAILY HERALD,columbia daily herald,
HERALD CITIZEN,herald citizen,
HERALD-CITIZEN,herald-citizen,
THE GREENEVILLE SUN,the greeneville sun,
THE JACKSON SUN,the jackson sun,
JOHNSON CITY PRESS,johnson city press,
KINGSPORT TIMES-NEWS,kingsport times-news,
KNOXVILLE NEWS SENTINEL,knoxville news sentinel,
KNOXVILLE NEWS-SENTINEL,knoxville news-sentinel,knoxnews.com
THE KNOXVILLE NEWS-SENTINEL,the knoxville news-sentinel,
MEMPHIS COMMERCIAL APPEAL,memphis commercial appeal,
THE COMMERCIAL APPEAL,the commercial appeal,commercialappeal.com
CITIZEN TRIBUNE,citizen tribune,
MURFREESBORO DAILY NEWS JOURNAL,murfreesboro daily news journal,
THE DAILY NEWS JOURNAL,the daily news journal,
"NASHVILLE, THE TENNESSEAN","nashville, the tennessean",
THE TENNESSEAN,the tennessean,tennessean.com
THE TENNESSEAN - YES - YOUR ESSENTIAL SHOPPER,the tennessean - yes - your essential shopper,
ABILENE REPORTER-NEWS,abilene reporter-news,
AMARILLO GLOBE-NEWS,amarillo globe-news,
AUSTIN AMERICAN STATESMAN,austin american statesman,
AUSTIN AMERICAN-STATESMAN,austin american-statesman,statesman.com
AUSTIN AMERICAN-STATESMAN - THE BASTROP ADVERTISER,austin american-statesman - the bastrop advertiser,
AUSTIN AMERICAN-STATESMAN - CEDAR PARK-LEANDER STATESMAN,austin american-statesman - cedar park-leander statesman,
AUSTIN AMERICAN-STATESMAN - THE PFLUGERVILLE PFLAG,austin american-statesman - the pflugerville pflag,
AUSTIN AMERICAN-STATESMAN - THE SMITHVILLE TIMES,austin american-statesman - the smithville times,
AUSTIN AMERICAN-STATESMAN - SHOPPING TODAY,austin american-statesman - shopping today,
BEAUMONT ENTERPRISE,beaumont enterprise,
THE BEAUMONT ENTERPRISE,the beaumont enterprise,
BIG SPRING HERALD,big spring herald,
THE EAGLE,the eagle,
THE FACTS,the facts,
CORPUS CHRISTI CALLER-TIMES,corpus christi caller-times,
THE DALLAS MORNING NEWS,the dallas morning news,dallasnews.com
EL PASO TIMES,el paso times,
EL PASO TIMES - EL PASO Y MAS,el paso times - el paso y mas,
FORT WORTH STAR-TELEGRAM,fort worth star-telegram,star-telegram.com
FORT WORTH STAR-TELEGRAM - LA ESTRELLA EN CASA,fort worth star-telegram - la estrella en casa,
FORT WORTH STAR-TELEGRAM - ARLINGTON CITIZEN-JOURNAL,fort worth star-telegram - arlington citizen-journal,
FORT WORTH STAR-TELEGRAM - MANSFIELD NEWS-MIRROR,fort worth star-telegram - mansfield news-mirror,
FORT WORTH STAR-TELEGRAM - WEATHERFORD TELEGRAM,fort worth star-telegram - weatherford telegram,
FORT WORTH STAR-TELEGRAM - THE COLLEYVILLE COURIER,fort worth star-telegram - the colleyville courier,
FORT WORTH STAR-TELEGRAM - THE GRAPEVINE COURIER,fort worth star-telegram - the grapevine courier,
FORT WORTH STAR-TELEGRAM - THE TIMES REGISTER,fort worth star-telegram - the times register,
FORT WORTH STAR-TELEGRAM - THE SOUTHLAKE JOURNAL,fort worth star-telegram - the southlake journal,
FORT WORTH STAR-TELEGRAM - YES! YOUR ESSENTIAL SHOPPER,fort worth star-telegram - yes! your essential shopper,
FORT WORTH STAR-TELEGRAM - THE KELLER CITIZEN,fort worth star-telegram - the keller citizen,
GREENVILLE HERALD-BANNER,greenville herald-banner,
HERALD-BANNER,herald-banner,
BROWNSVILLE HERALD,brownsville herald,
EL NUEVO HERALDO,el nuevo heraldo,
MC ALLEN MONITOR,mc allen monitor,
THE MONITOR,the monitor,
THE MONITOR - MID VALLEY TOWN CRIER,the monitor - mid valley town crier,
LA FRONTERA,la frontera,
HARLINGEN VALLEY MORNING STAR,harlingen valley morning star,
VALLEY MORNING STAR,valley morning star,
HOUSTON CHRONICLE,houston chronicle,chron.com
HOUSTON CHRONICLE,houston chronicle,houstonchronicle.com
HOUSTON CHRONICLE - LA VOZ DE HOUSTON,houston chronicle - la voz de houston,chron.com
HOUSTON CHRONICLE - LA VOZ DE HOUSTON,houston chronicle - la voz de houston,houstonchronicle.com
HOUSTON CHRONICLE - ULTIMATE,houston chronicle - ultimate,chron.com
HOUSTON CHRONICLE - ULTIMATE,houston chronicle - ultimate,houstonchronicle.com
EL DIA NEWS,el dia news,
KILLEEN DAILY HERALD,killeen daily herald,
LAREDO MORNING TIMES,laredo morning times,
LONGVIEW NEWS-JOURNAL,longview news-journal,
LUBBOCK AVALANCHE JOURNAL,lubbock avalanche journal,
"MARSHALL, NEWS MESSENGER","marshall, news messenger",
MIDLAND REPORTER - TELEGRAM,midland reporter - telegram,
ODESSA AMERICAN,odessa american,
THE ODESSA AMERICAN,the odessa american,
THE ORANGE LEADER,the orange leader,
HERALD-ZEITUNG,herald-zeitung,
PALESTINE HERALD-PRESS,palestine herald-press,
PORT ARTHUR NEWS,port arthur news,
THE PORT ARTHUR NEWS,the port arthur news,
SAN ANGELO STANDARD-TIMES,san angelo standard-times,
SAN ANTONIO EXPRESS-NEWS,san antonio express-news,mysanantonio.com
SAN ANTONIO EXPRESS-NEWS - THE SAN ANTONIO LIGHT,san antonio express-news - the san antonio light,
HERALD DEMOCRAT,herald democrat,
TEMPLE DAILY TELEGRAM,temple daily telegram,
TEXARKANA GAZETTE,texarkana gazette,
TYLER MORNING TELEGRAPH,tyler morning telegraph,
TYLER TELEGRAPH-COURIER TIMES,tyler telegraph-courier times,
THE VICTORIA ADVOCATE,the victoria advocate,
WACO TRIBUNE-HERALD,waco tribune-herald,
TIMES-RECORD NEWS,times-record news,
"LOGAN, THE HERALD JOURNAL","logan, the herald journal",
STANDARD-EXAMINER,standard-examiner,
THE SALT LAKE TRIBUNE/DESERET MORNING NE,the salt lake tribune/deseret morning ne,sltrib.com
THE SALT LAKE TRIBUNE/DESERET NEWS,the salt lake tribune/deseret news,sltrib.com
DESERET MORNING NEWS,deseret morning news,
DESERET MORNING NEWS - MONEY BAGS,deseret morning news - money bags,
DESERET NEWS,deseret news,
THE SALT LAKE TRIBUNE,the salt lake tribune,sltrib.com
THE SALT LAKE TRIBUNE - MONEY BAGS,the salt lake tribune - money bags,sltrib.com
THE TIMES ARGUS,the times argus,
BENNINGTON BANNER,bennington banner,
BRATTLEBORO REFORMER,brattleboro reformer,
BURLINGTON FREE PRESS,burlington free press,burlingtonfreepress.com
THE DAILY HERALD,the daily herald,
"RUTLAND HERALD, THE SUNDAY RUTLAND HRLD","rutland herald, the sunday rutland hrld",
"ST. JOHNSBURY, THE CALEDONIAN-RECORD","st. johnsbury, the caledonian-record",
THE SPECTRUM,the spectrum,
BRISTOL HERALD COURIER,bristol herald courier,
CHARLOTTESVILLE PROGRESS,charlottesville progress,
THE DAILY PROGRESS,the daily progress,
COVINGTON VIRGINIAN REVIEW,covington virginian review,
CULPEPER STAR-EXPONENT,culpeper star-exponent,
DANVILLE REGISTER & BEE,danville register & bee,
NEWS AND MESSENGER,news and messenger,
POTOMAC NEWS/MANASSAS JOURNAL MESSENGER,potomac news/manassas journal messenger,
POTOMAC NEWS,potomac news,
FREDERICKSBURG FREE LANCE-STAR,fredericksburg free lance-star,
DAILY NEWS RECORD,daily news record,
"LYNCHBURG, THE NEWS & ADVANCE","lynchburg, the news & advance",
MANASSAS JOURNAL MESSENGER,manassas journal messenger,
MARTINSVILLE BULLETIN,martinsville bulletin,
DAILY PRESS,daily press,
NEWPORT NEWS DAILY PRESS,newport news daily press,
THE VIRGINIAN-PILOT,the virginian-pilot,pilotonline.com
PETERSBURG PROGRESS - INDEX,petersburg progress - index,
RICHMOND TIMES-DISPATCH,richmond times-dispatch,richmond.com
THE ROANOKE TIMES,the roanoke times,
THE NEWS LEADER,the news leader,
NORTHERN VIRGINIA DAILY,northern virginia daily,
THE NEWS VIRGINIAN,the news virginian,
THE NEWS-VIRGINIAN,the news-virginian,
THE WINCHESTER STAR,the winchester star,
EASTSIDE JOURNAL,eastside journal,
KING COUNTY JOURNAL,king county journal,
THE BELLINGHAM HERALD,the bellingham herald,
THE KITSAP SUN,the kitsap sun,
THE KITSAP SUN - BAINBRIDGE ISLANDER,the kitsap sun - bainbridge islander,
THE KITSAP SUN - NORTH MASON LIFE,the kitsap sun - north mason life,
THE KITSAP SUN - GIG HARBOR LIFE,the kitsap sun - gig harbor life,
THE KITSAP SUN - SHELTON LIFE,the kitsap sun - shelton life,
CENTRALIA CHRONICLE,centralia chronicle,
"THE DAILY HERALD, THE SUNDAY HERALD","the daily herald, the sunday herald",
THE EVERETT HERALD,the everett herald,
LONGVIEW DAILY NEWS,longview daily news,
MT. VERNON SKAGIT VALLEY HRLD,mt. vernon skagit valley hrld,
THE OLYMPIAN,the olympian,
TRI-CITY HERALD,tri-city herald,
SOUTH COUNTY JOURNAL,south county journal,
PENINSULA DAILY NEWS,peninsula daily news,
SEATTLE POST-INTELLIGENCER,seattle post-intelligencer,
THE SEATTLE TIMES,the seattle times,
THE SEATTLE TIMES/POST-INTELLIGENCER,the seattle times/post-intelligencer,seattletimes.com
"SPOKANE, SPOKESMAN-REVIEW","spokane, spokesman-review",
"TACOMA,THE NEWS TRIBUNE","tacoma,the news tribune",thenewstribune.com
"TACOMA,THE NEWS TRIBUNE - YES! - YOUR ESSENTIAL SHOPPER","tacoma,the news tribune - yes! - your essential shopper",thenewstribune.com
THE COLUMBIAN,the columbian,
THE COLUMBIAN - NORTH COUNTY NEWS,the columbian - north county news,
THE COLUMBIAN - YOUR WEEK,the columbian - your week,
WALLA WALLA UNION-BULLETIN,walla walla union-bulletin,
THE WENATCHEE WORLD,the wenatchee world,
YAKIMA HERALD-REPUBLIC,yakima herald-republic,
BECKLEY REGISTER/HERALD,beckley register/herald,
THE REGISTER-HERALD,the register-herald,
BLUEFIELD DAILY TELEGRAPH,bluefield daily telegraph,
CHARLESTON GAZETTE/ DAILY MAIL,charleston gazette/ daily mail,wvgazettemail.com
THE CHARLESTON GAZETTE/DAILY MAIL,the charleston gazette/daily mail,wvgazettemail.com
CHARLESTON GAZETTE,charleston gazette,wvgazettemail.com
CHARLESTON DAILY MAIL,charleston daily mail,
CLARKSBURG EXPONENT-TELEGRAM,clarksburg exponent-telegram,
THE EXPONENT-TELEGRAM,the exponent-telegram,
CLARKSBURG EXPONENT,clarksburg exponent,
ELKINS INTER MOUNTAIN,elkins inter mountain,
THE INTER - MOUNTAIN,the inter - mountain,
TIMES WEST VIRGINIAN,times west virginian,
HUNTINGTON HERALD DISPATCH,huntington herald dispatch,
THE JOURNAL,the journal,
THE DOMINION POST,the dominion post,
PARKERSBURG NEWS AND SENTINEL,parkersburg news and sentinel,
PARKERSBURG NEWS/SENTINEL,parkersburg news/sentinel,
PARKERSBURG SENTINEL,parkersburg sentinel,
PARKERSBURG NEWS,parkersburg news,
THE WEIRTON DAILY TIMES,the weirton daily times,
POINT PLEASANT REGISTER,point pleasant register,
THE INTELLIGENCER/WHEELING NEWS-REGISTER,the intelligencer/wheeling news-register,
WHEELING NEWS REGISTER,wheeling news register,
THE WHEELING INTELLIGENCER,the wheeling intelligencer,
THE POST-CRESCENT,the post-crescent,
THE DAILY PRESS,the daily press,
BARABOO NEWS REPUBLIC,baraboo news republic,
CHIPPEWA HERALD,chippewa herald,
THE CHIPPEWA HERALD,the chippewa herald,
DAILY CITIZEN,daily citizen,
EAU CLAIRE LEADER-TELEGRAM,eau claire leader-telegram,
THE REPORTER,the reporter,
GREEN BAY PRESS GAZETTE,green bay press gazette,
THE JANESVILLE GAZETTE,the janesville gazette,
KENOSHA NEWS (MORNING & SUNDAY),kenosha news (morning & sunday),
THE LA CROSSE TRIBUNE,the la crosse tribune,
WISCONSIN STATE JOURNAL,wisconsin state journal,
WISCONSIN STATE JOURNAL/CAPITAL TIMES,wisconsin state journal/capital times,
THE CAPITAL TIMES,the capital times,
MANITOWOC HRLD TIMES REPORTER,manitowoc hrld times reporter,
MARSHFIELD NEWS-HERALD,marshfield news-herald,
MILWAUKEE JOURNAL SENTINEL,milwaukee journal sentinel,jsonline.com
MILWAUKEE JOURNAL SENTINEL - PACKER PLUS,milwaukee journal sentinel - packer plus,
PORTAGE DAILY REGISTER,portage daily register,
OSHKOSH NORTHWESTERN,oshkosh northwestern,
THE OSHKOSH NORTHWESTERN,the oshkosh northwestern,
RACINE JOURNAL TIMES,racine journal times,
THE JOURNAL TIMES,the journal times,
SHAWANO LEADER,shawano leader,
SHEBOYGAN PRESS,sheboygan press,
THE SHEBOYGAN PRESS,the sheboygan press,
STEVENS POINT JOURNAL,stevens point journal,
THE FREEMAN,the freeman,
WAUKESHA FREEMAN,waukesha freeman,
WAUSAU DAILY HERALD,wausau daily herald,
DAILY NEWS,daily news,
DAILY TRIBUNE,daily tribune,
CASPER STAR - TRIBUNE,casper star - tribune,trib.com
WYOMING TRIBUNE-EAGLE,wyoming tribune-eagle,
THE LARAMIE DAILY BOOMERANG/THE LARAMIE,the laramie daily boomerang/the laramie,
DAILY ROCKET-MINER,daily rocket-miner,
SHERIDAN PRESS,sheridan press,
NORTHERN WYOMING DAILY NEWS,northern wyoming daily news,
THE WINNIPEG SUN,the winnipeg sun,
GREATER PHILADELPHIA NWSPS,greater philadelphia nwsps,
FOX VALLEY NEWSPAPERS,fox valley newspapers,
SUBURBAN CHICAGO NEWSPAPERS,suburban chicago newspapers,
SUN-TIMES MEDIA DAILY AND WEEKLY NWSPRS,sun-times media daily and weekly nwsprs,
CHICAGO SUN-TIMES GROUP,chicago sun-times group,
SUN-TIMES MEDIA DAILY NEWSPAPERS,sun-times media daily newspapers,
MSP (SOUTHWORKS),msp (southworks),
EASTERN NORTH CAROLINA COMMUNICATIONS,eastern north carolina communications,
LEE ENTERPRISES,lee enterprises,
JOURNAL NEWS/MIDDLETOWN JRL,journal news/middletown jrl,
COX OHIO PUBLISHING - DAILY NEWSPAPERS,cox ohio publishing - daily newspapers,
DAYTON DAILY NEWS/SPRINGFIELD NEWS SUN,dayton daily news/springfield news sun,
"HERALD STAR, OH /WEIRTON DAILY TIMES, WV","herald star, oh /weirton daily times, wv",
SAUK VALLEY NEWSPAPERS,sauk valley newspapers,
GUNTERSVILLE ADVERTISER GLEAM,guntersville advertiser gleam,
HOMER NEWS,homer news,
THE FRONTIERSMAN,the frontiersman,
CHOWCHILLA NEWS,chowchilla news,
LOS BANOS ENTERPRISE,los banos enterprise,
MORGAN HILL TIMES,morgan hill times,
SIERRA STAR,sierra star,
PACIFICA TRIBUNE,pacifica tribune,
LAGUNA WOODS GLOBE,laguna woods globe,
PARADISE POST,paradise post,
BETHEL BEACON,bethel beacon,
THE BETHEL BEACON,the bethel beacon,
BRANFORD REVIEW,branford review,
BLOOMFIELD JOURNAL,bloomfield journal,
BROOKFIELD JOURNAL,brookfield journal,
THE BROOKFIELD JOURNAL,the brookfield journal,
CLINTON RECORDER,clinton recorder,
REGIONAL STANDARD,regional standard,
MAIN STREET NEWS,main street news,
PICTORIAL GAZETTE,pictorial gazette,
SHORELINE TIMES,shoreline times,
KENT GOOD TIMES,kent good times,
KENT GOOD TIMES DISPATCH,kent good times dispatch,
THE KENT GOOD TIMES DISPATCH,the kent good times dispatch,
LITCHFIELD COUNTY TIMES,litchfield county times,
THE LITCHFIELD COUNTY TIMES,the litchfield county times,
LITCHFIELD ENQUIRER,litchfield enquirer,
THE LITCHFIELD ENQUIRER,the litchfield enquirer,
NEWINGTON TOWN CRIER,newington town crier,
ROCKY HILL POST,rocky hill post,
HOUSATONIC TIMES,housatonic times,
NEW MILFORD TIMES,new milford times,
THE NEW MILFORD TIMES,the new milford times,
WETHERSFIELD POST,wethersfield post,
THOMASTON EXPRESS,thomaston express,
WEST HARTFORD NEWS,west hartford news,
WINDSOR JOURNAL,windsor journal,
WINDSOR LOCKS JOURNAL,windsor locks journal,
DARIEN NEWS,darien news,
DARIEN NEWS-REVIEW,darien news-review,
FAIRFIELD CITIZEN-NEWS,fairfield citizen-news,
NEW CANAAN ADVERTISER,new canaan advertiser,
WESTPORT NEWS,westport news,
WASHINGTON AFRO AMERICAN & THE WA.TRIB,washington afro american & the wa.trib,
MARCO ISLAND EAGLE,marco island eagle,
THE MIAMI TIMES,the miami times,
THE VENICE GONDOLIER SUN,the venice gondolier sun,
DAWSON NEWS & ADVERTISER,dawson news & advertiser,
BARROW JOURNAL,barrow journal,
"ANNA, THE GAZETTE-DEMOCRAT","anna, the gazette-democrat",
ANTIOCH REVIEW,antioch review,
BUFFALO GROVE COUNTRYSIDE,buffalo grove countryside,
HOFFMAN ESTATES REVIEW,hoffman estates review,
ROLLING MEADOWS REVIEW,rolling meadows review,
SCHAUMBURG REVIEW,schaumburg review,
BARRINGTON COURIER-REVIEW,barrington courier-review,
NAPERVILLE SUN,naperville sun,
ALGONQUIN COUNTRYSIDE,algonquin countryside,
ARLINGTON HEIGHTS POST,arlington heights post,
WHEELING COUNTRYSIDE,wheeling countryside,
CARY-GROVE COUNTRYSIDE,cary-grove countryside,
DEERFIELD REVIEW,deerfield review,
DES PLAINES TIMES,des plaines times,
EDGEBROOK TIMES REVIEW,edgebrook times review,
EDISON-NORWOOD TIMES REVIEW,edison-norwood times review,
ELK GROVE TIMES,elk grove times,
EVANSTON REVIEW,evanston review,
SKOKIE REVIEW,skokie review,
PARK RIDGE HERALD-ADVOCATE,park ridge herald-advocate,
WESTCHESTER HERALD,westchester herald,
"ELM LEAVES, ELMWOOD PARK","elm leaves, elmwood park",
"FOREST LEAVES, RIVER FOREST","forest leaves, river forest",
FRANKLIN PARK HERALD-JOURNAL,franklin park herald-journal,
GRAYSLAKE REVIEW,grayslake review,
GURNEE REVIEW,gurnee review,
HIGHLAND PARK NEWS,highland park news,
LAKE FORESTER,lake forester,
LAKE ZURICH COURIER,lake zurich courier,
"LAKE VILLA, REVIEW","lake villa, review",
LIBERTYVILLE REVIEW,libertyville review,
LINCOLNSHIRE REVIEW,lincolnshire review,
LINCOLNWOOD REVIEW,lincolnwood review,
MAYWOOD HERALD,maywood herald,
MELROSE PARK HERALD,melrose park herald,
MORTON GROVE CHAMPION,morton grove champion,
MOUNT PROSPECT TIMES,mount prospect times,
MUNDELEIN REVIEW,mundelein review,
NILES HERALD-SPECTATOR,niles herald-spectator,
NORRIDGE-HARWOOD HEIGHTS NEWS,norridge-harwood heights news,
"OAK LEAVES, OAK PARK","oak leaves, oak park",
WEST PROVISO HERALD,west proviso herald,
PALATINE COUNTRYSIDE,palatine countryside,
VERNON HILLS REVIEW,vernon hills review,
GLENCOE NEWS,glencoe news,
GLENVIEW ANNOUNCEMENTS,glenview announcements,
NORTHBROOK STAR,northbrook star,
NORTHLAKE HERALD-JOURNAL,northlake herald-journal,
RIVER GROVE MESSENGER,river grove messenger,
WINNETKA TALK,winnetka talk,
WILMETTE LIFE,wilmette life,
THE TIMES PRESS,the times press,
THE HARRODSBURG HERALD,the harrodsburg herald,
THE MOUNTAIN EAGLE,the mountain eagle,
ABINGTON/ROCKLAND MARINER,abington/rockland mariner,
ALLSTON/BRIGHTON TAB,allston/brighton tab,
AMESBURY NEWS,amesbury news,
WESTBOROUGH NEWS,westborough news,
ARLINGTON ADVOCATE,arlington advocate,
BEDFORD MINTUEMAN,bedford mintueman,
BELMONT CITIZEN HERALD,belmont citizen herald,
BEVERLY CITIZEN,beverly citizen,
BILLERICA MINUTEMAN,billerica minuteman,
THE BOLTON COMMON,the bolton common,
UPPER CAPE CODDER,upper cape codder,
BRAINTREE FORUM,braintree forum,
BURLINGTON UNION,burlington union,
CAMBRIDGE CHRONICLE,cambridge chronicle,
CANTON JOURNAL,canton journal,
CHELMSFORD INDEPENDENT,chelmsford independent,
COHASSET MARINER,cohasset mariner,
CONCORD JOURNAL,concord journal,
DANVERS HERALD,danvers herald,
DOVER/SHERBORN PRESS,dover/sherborn press,
GEORGETOWN RECORD,georgetown record,
HAMILTON-WENHAM CHRONICLE,hamilton-wenham chronicle,
HANOVER MARINER,hanover mariner,
THE HARVARD POST,the harvard post,
HARWICH ORACLE,harwich oracle,
HINGHAM JOURNAL,hingham journal,
HOLBROOK SUN,holbrook sun,
IPSWICH CHRONICLE,ipswich chronicle,
LEXINGTON MINUTEMAN,lexington minuteman,
LINCOLN JOURNAL,lincoln journal,
LITTLETON INDEPENDENT,littleton independent,
MALDEN OBSERVER,malden observer,
MANSFIELD NEWS,mansfield news,
MARBLEHEAD REPORTER,marblehead reporter,
SHREWSBURG CHRONICAL,shrewsburg chronical,
MARSHFIELD MARINER,marshfield mariner,
THE BEACON-VILLAGER,the beacon-villager,
MEDFIELD PRESS,medfield press,
MEDFORD TRANSCRIPT,medford transcript,
MELROSE FREE PRESS,melrose free press,
NORTH ANDOVER CITIZEN,north andover citizen,
MARYLAND GAZETTE,maryland gazette,
NORTON MIRROR,norton mirror,
NORWELL MARINER,norwell mariner,
PARKWAY TRANSCRIPT,parkway transcript,
PEMBROKE MARINER,pembroke mariner,
SAUGUS ADVERTISER,saugus advertiser,
SCITUATE MARINER,scituate mariner,
SHARON ADVOCATE,sharon advocate,
EASTON JOURNAL,easton journal,
BALTIMORE AFRO-AMERICAN,baltimore afro-american,
THE BALTIMORE AFRO AMERICAN,the baltimore afro american,
SOMERVILLE JOURNAL,somerville journal,
STOUGHTON JOURNAL,stoughton journal,
SWAMPSCOTT REPORTER,swampscott reporter,
TEWSKBURY ADVERTISER,tewskbury advertiser,
THE BEACON,the beacon,
THE CAPE CODDER,the cape codder,
THE REGISTER,the register,
TRI-TOWN TRANSCRIPT,tri-town transcript,
WAKEFIELD OBSERVER,wakefield observer,
WATERTOWN TAB,watertown tab,
WELLESLEY TOWNSMAN,wellesley townsman,
WESTON TOWN CRIER & TAB,weston town crier & tab,
WEST ROXBURY TRANSCRIPT,west roxbury transcript,
WESTFORD EAGLE,westford eagle,
WESTWOOD PRESS,westwood press,
WEYMOUTH NEWS,weymouth news,
WINCHESTER STAR,winchester star,
T/A THE AEGIS NEWSPAPER,t/a the aegis newspaper,
HAVRE DE GRACE RECORD,havre de grace record,
THE FALMOUTH ENTERPRISE,the falmouth enterprise,
ANN ARBOR.COM,ann arbor.com,
THE ANN ARBOR NEWS,the ann arbor news,
LAPEER COUNTY PRESS,lapeer county press,
THE COUNTY PRESS,the county press,
THE ROMEO OBSERVER,the romeo observer,
GRAND RAPIDS HERALD-REVIEW,grand rapids herald-review,
WASHINGTON MISSOURIAN,washington missourian,
THE HAMPTON UNION,the hampton union,
THE EXETER NEWS-LETTER,the exeter news-letter,
ALLENTOWN MESSENGER-PRESS,allentown messenger-press,
THE HILLSBOROUGH BEACON,the hillsborough beacon,
THE CRANBURY PRESS,the cranbury press,
RECORD-BREEZE,record-breeze,
COMMUNITY NEWS,community news,
PLAIN DEALER,plain dealer,
MAPLE SHADE PROGRESS,maple shade progress,
THE CENTRAL RECORD,the central record,
NEWS WEEKLY,news weekly,
NEW EGYPT PRESS,new egypt press,
PENNINGTON POST,pennington post,
NEWS REPORT,news report,
THE HADDON HERALD,the haddon herald,
HUNTERDON COUNTY DEMOCRAT,hunterdon county democrat,
DELAWARE VALLEY NEWS,delaware valley news,
THE HOPEWELL VALLEY NEWS,the hopewell valley news,
WINDSOR HEIGHTS HERALD,windsor heights herald,
"KENDALL PARK, THE SOUTH BRUNSWICK POST","kendall park, the south brunswick post",
"THE BEACON, LAMBERTVILLE","the beacon, lambertville",
THE LAWRENCE LEDGER,the lawrence ledger,
WEST ESSEX TRIBUNE,west essex tribune,
THE MANVILLE NEWS,the manville news,
RIDGEWOOD NEWS,ridgewood news,
THE RIDGEWOOD NEWS,the ridgewood news,
THE PRINCETON PACKET,the princeton packet,
THE REGISTER NEWS,the register news,
SUBURBAN TRENDS,suburban trends,
RUIDOSO NEWS,ruidoso news,
THE TAOS NEWS,the taos news,
HARLEM VALLEY TIMES,harlem valley times,
PUTNAM COUNTY COURIER,putnam county courier,
HYDE PARK TOWNSMAN,hyde park townsman,
MILLBROOK ROUND TABLE,millbrook round table,
PAWLING NEWS CHRONICLE,pawling news chronicle,
REGISTER HERALD,register herald,
THE REGISTER HERALD,the register herald,
VOICE LEDGER,voice ledger,
GAZETTE ADVERTISER,gazette advertiser,
THE EAST HAMPTON STAR,the east hampton star,
NEW YORK AMSTERDAM NEWS,new york amsterdam news,
THE JEWISH WEEK,the jewish week,
THE STANLY NEWS AND PRESS,the stanly news and press,
THE ALAMANCE NEWS,the alamance news,
CARTERET COUNTY NEWS TIMES,carteret county news times,
THE SMITHFIELD HERALD,the smithfield herald,
THE ENTERPRISE-MOUNTAINEER,the enterprise-mountaineer,
THE MOUNTAINEER,the mountaineer,
THE TWINSBURG SUN,the twinsburg sun,
NORDONIA HILLS SUN,nordonia hills sun,
BEDFORD SUN BANNER,bedford sun banner,
BROOKLYN SUN JOURNAL,brooklyn sun journal,
BRUNSWICK SUN TIMES,brunswick sun times,
CHAGRIN HERALD SUN,chagrin herald sun,
EUCLID SUN JOURNAL,euclid sun journal,
GARFIELD/MAPLE HTS. SUN,garfield/maple hts. sun,
LAKEWOOD SUN POST,lakewood sun post,
"THE NEWS SUN, BEREA","the news sun, berea",
PARMA SUN POST,parma sun post,
THE OXFORD PRESS,the oxford press,
SOLON HERALD SUN,solon herald sun,
STRONGSVILLE SUN STAR,strongsville sun star,
SUN BANNER PRIDE,sun banner pride,
VALLEY VIEW SUN COURIER,valley view sun courier,
VALLEY VIEW SUN HERALD,valley view sun herald,
VALLEY VIEW SUN MESSENGER,valley view sun messenger,
VALLEY VIEW SUN PRESS,valley view sun press,
VALLEY VIEW SUN SCOOP JOURNAL,valley view sun scoop journal,
WEST SIDE SUN NEWS,west side sun news,
CURRY COUNTY REPORTER,curry county reporter,
ARDMORE MAIN LINE TIMES,ardmore main line times,
MAIN LINE TIMES,main line times,
JEFFERSONIAN DEMOCRAT,jeffersonian democrat,
CHADDS FORD POST,chadds ford post,
DONEGAL LEDGER,donegal ledger,
TIMES CHRONICLE,times chronicle,
AMBLER GAZETTE,ambler gazette,
AVON GROVE SUN,avon grove sun,
BRISTOL PILOT,bristol pilot,
COATESVILLE LEDGER,coatesville ledger,
COLUMBIA LEDGER,columbia ledger,
DOWNINGTOWN LEDGER,downingtown ledger,
ELIZABETHTOWN CHRONICLE,elizabethtown chronicle,
GLENSIDE NEWS,glenside news,
HERSHEY CHRONICLE,hershey chronicle,
PUBLIC SPIRIT,public spirit,
THE GLOBE,the globe,
KENNETT PAPER,kennett paper,
NORTH PENN LIFE,north penn life,
SPRINGFIELD SUN,springfield sun,
THE ADVANCE OF BUCKS COUNTY,the advance of bucks county,
MONTGOMERY LIFE,montgomery life,
THE NEW HOPE GAZETTE,the new hope gazette,
OXFORD TRIBUNE,oxford tribune,
PARKESBURG POST-LEDGER,parkesburg post-ledger,
NEWS-HERALD,news-herald,
PERKASIE NEWS-HERALD,perkasie news-herald,
THE COLONIAL,the colonial,
SPRING-FORD REPORTER,spring-ford reporter,
VALLEY ITEM,valley item,
SOLANCO SUN-LEDGER,solanco sun-ledger,
SOUDERTON INDEPENDENT,souderton independent,
WILLOW GROVE GUIDE,willow grove guide,
YARDLEY NEWS,yardley news,
THE DOYLESTOWN PATRIOT,the doylestown patriot,
RECORDER,recorder,
NEWS OF DELAWARE COUNTY,news of delaware county,
MAIN LINE LIFE,main line life,
PHILADELPHIA TRIBUNE,philadelphia tribune,
"THE PHILADELPHIA TRIBUNE, SUNDAY TRIBUNE","the philadelphia tribune, sunday tribune",
"THE PHILADELPHIA TRIBUNE, THE SUNDAY TRI","the philadelphia tribune, the sunday tri",
THE SUBURBAN & WAYNE TIMES,the suburban & wayne times,
THE SUBURBAN AND WAYNE TIMES,the suburban and wayne times,
COVENTRY COURIER,coventry courier,
CHARIHO TIMES,chariho times,
EAST GREENWICH PENDULUM,east greenwich pendulum,
STANDARD TIMES,standard times,
NARRAGANSETT TIMES,narragansett times,
HERALD-PROGRESS,herald-progress,
AMHERST NEW ERA-PROGRESS,amherst new era-progress,
NELSON COUNTY TIMES,nelson county times,
CLARKE TIMES-COURIER,clarke times-courier,
"ELKTON, THE VALLEY BANNER","elkton, the valley banner",
WARREN SENTINEL,warren sentinel,
GLOUCESTER-MATHEWS GZT-JRL.,gloucester-mathews gzt-jrl.,
LOUDOUN TIMES-MIRROR,loudoun times-mirror,
TIMES COMMUNITY NEWSPAPERS,times community newspapers,
LEXINGTON NEWS - GAZETTE,lexington news - gazette,
PAGE NEWS AND COURIER,page news and courier,
THE COALFIELD PROGRESS,the coalfield progress,
FAUQUIER DEMOCRAT,fauquier democrat,
RAPPAHANNOCK NEWS,rappahannock news,
SHENANDOAH VALLEY-HERALD,shenandoah valley-herald,
THE BAY VIEWER,the bay viewer,
BROOKFIELD NEWS,brookfield news,
NEWS GRAPHIC,news graphic,
OZAUKEE COUNTY NEWS GRAPHIC,ozaukee county news graphic,
ELM GROVE ELM LEAVES,elm grove elm leaves,
JUNEAU COUNTY STAR TIMES,juneau county star times,
JUNEAU COUNTY STAR-TIMES,juneau county star-times,
MENOMONEE FALLS NEWS,menomonee falls news,
MEQUON-THIENSVILLE COURANT,mequon-thiensville courant,
NEW BERLIN CITIZEN,new berlin citizen,
OAK CREEK PICTORIAL,oak creek pictorial,
CUDAHY REMINDER ENTERPRISE,cudahy reminder enterprise,
SOUTH MILWAUKEE VOICE GRAPHIC,south milwaukee voice graphic,
FRANKLIN HUB,franklin hub,
GERMAN TOWN BANNER PRESS,german town banner press,
GREENDALE VILLAGE LIFE,greendale village life,
SHOREWOOD HERALD,shorewood herald,
MUSKEGO SUN,muskego sun,
REEDSBURG TIMES PRESS,reedsburg times press,
THE SAUK PRAIRIE EAGLE,the sauk prairie eagle,
WAUWATOSA NEWS TIMES,wauwatosa news times,
GREENFIELD OBSERVER,greenfield observer,
WEST ALLIS STAR,west allis star,
WISCONSIN DELLS EVENTS,wisconsin dells events,
HOUSATONIC GROUP,housatonic group,
THE DOINGS,the doings,
ROCKINGHAM COUNTY NEWSPAPER GROUP,rockingham county newspaper group,
NORTH JERSEY MEDIA GROUP,north jersey media group,
PIONEER PRESS GROUP/LAKE SHORE,pioneer press group/lake shore,
PIONEER PRESS / NORTH SHORE,pioneer press / north shore,
PIONEER PRESS GROUP/CENTRAL,pioneer press group/central,
PIONEER PRESS GROUP/WEST,pioneer press group/west,
PIONEER PRESS GROUP/NORTHWEST,pioneer press group/northwest,
GATEHOUSE MEDIA/COMMUNITY NEWSPAPER CO.,gatehouse media/community newspaper co.,
NASHOBA PUBLISHING,nashoba publishing,
SUN NEWSPAPER GROUP,sun newspaper group,
SUN NEWSPAPER GROUP OHIO,sun newspaper group ohio,
